sample_id,label,source_dataset,label_type,latitude,longitude,acquisition_time,firms_observation_id,cloud_cover,industrial_distance_km,osm_industrial_type,bands,image_path,quality,notes
wf_sen2fire_0001,WILDFIRE,SEN2FIRE,GROUND_TRUTH,38.507109,23.86625,2024-03-15T10:30:00Z,,8.0,,,"B02,B03,B04,B08,B11,B12",samples\wf_sen2fire_0001.npz,GOOD,Sen2Fire genuine wildfire: scene1/scene1/scene_1_patch_10_10.npz (176438 fire px)
wf_sen2fire_0002,WILDFIRE,SEN2FIRE,GROUND_TRUTH,38.500664,23.854141,2024-03-15T10:30:00Z,,8.0,,,"B02,B03,B04,B08,B11,B12",samples\wf_sen2fire_0002.npz,GOOD,Sen2Fire genuine wildfire: scene1/scene1/scene_1_patch_10_11.npz (137486 fire px)
wf_sen2fire_0003,WILDFIRE,SEN2FIRE,GROUND_TRUTH,38.498711,23.860391,2024-03-15T10:30:00Z,,8.0,,,"B02,B03,B04,B08,B11,B12",samples\wf_sen2fire_0003.npz,GOOD,Sen2Fire genuine wildfire: scene1/scene1/scene_1_patch_10_12.npz (143288 fire px)
wf_sen2fire_0004,WILDFIRE,SEN2FIRE,GROUND_TRUTH,38.497148,23.861953,2024-03-15T10:30:00Z,,8.0,,,"B02,B03,B04,B08,B11,B12",samples\wf_sen2fire_0004.npz,GOOD,Sen2Fire genuine wildfire: scene1/scene1/scene_1_patch_10_13.npz (135394 fire px)
wf_sen2fire_0005,WILDFIRE,SEN2FIRE,GROUND_TRUTH,38.499492,23.859219,2024-03-15T10:30:00Z,,8.0,,,"B02,B03,B04,B08,B11,B12",samples\wf_sen2fire_0005.npz,GOOD,Sen2Fire genuine wildfire: scene1/scene1/scene_1_patch_10_14.npz (155006 fire px)
wf_sen2fire_0006,WILDFIRE,SEN2FIRE,GROUND_TRUTH,38.493828,23.851602,2024-03-15T10:30:00Z,,8.0,,,"B02,B03,B04,B08,B11,B12",samples\wf_sen2fire_0006.npz,GOOD,Sen2Fire genuine wildfire: scene1/scene1/scene_1_patch_10_15.npz (105605 fire px)
wf_sen2fire_0007,WILDFIRE,SEN2FIRE,GROUND_TRUTH,38.490703,23.830703,2024-03-15T10:30:00Z,,8.0,,,"B02,B03,B04,B08,B11,B12",samples\wf_sen2fire_0007.npz,GOOD,Sen2Fire genuine wildfire: scene1/scene1/scene_1_patch_10_16.npz (19079 fire px)
wf_sen2fire_0008,WILDFIRE,SEN2FIRE,GROUND_TRUTH,38.470781,23.842422,2024-03-15T10:30:00Z,,8.0,,,"B02,B03,B04,B08,B11,B12",samples\wf_sen2fire_0008.npz,GOOD,Sen2Fire genuine wildfire: scene1/scene1/scene_1_patch_10_17.npz (3340 fire px)
wf_sen2fire_0009,WILDFIRE,SEN2FIRE,GROUND_TRUTH,38.487773,23.893984,2024-03-15T10:30:00Z,,8.0,,,"B02,B03,B04,B08,B11,B12",samples\wf_sen2fire_0009.npz,GOOD,Sen2Fire genuine wildfire: scene1/scene1/scene_1_patch_10_9.npz (28809 fire px)
wf_sen2fire_0010,WILDFIRE,SEN2FIRE,GROUND_TRUTH,38.471953,23.872695,2024-03-15T10:30:00Z,,8.0,,,"B02,B03,B04,B08,B11,B12",samples\wf_sen2fire_0010.npz,GOOD,Sen2Fire genuine wildfire: scene1/scene1/scene_1_patch_11_10.npz (8360 fire px)
wf_sen2fire_0011,WILDFIRE,SEN2FIRE,GROUND_TRUTH,38.471953,23.824258,2024-03-15T10:30:00Z,,8.0,,,"B02,B03,B04,B08,B11,B12",samples\wf_sen2fire_0011.npz,GOOD,Sen2Fire genuine wildfire: scene1/scene1/scene_1_patch_11_11.npz (3234 fire px)
wf_sen2fire_0012,WILDFIRE,SEN2FIRE,GROUND_TRUTH,38.539922,23.903359,2024-03-15T10:30:00Z,,8.0,,,"B02,B03,B04,B08,B11,B12",samples\wf_sen2fire_0012.npz,GOOD,Sen2Fire genuine wildfire: scene1/scene1/scene_1_patch_2_11.npz (6534 fire px)
wf_sen2fire_0013,WILDFIRE,SEN2FIRE,GROUND_TRUTH,38.548711,23.870156,2024-03-15T10:30:00Z,,8.0,,,"B02,B03,B04,B08,B11,B12",samples\wf_sen2fire_0013.npz,GOOD,Sen2Fire genuine wildfire: scene1/scene1/scene_1_patch_2_12.npz (81054 fire px)
wf_sen2fire_0014,WILDFIRE,SEN2FIRE,GROUND_TRUTH,38.55125,23.853945,2024-03-15T10:30:00Z,,8.0,,,"B02,B03,B04,B08,B11,B12",samples\wf_sen2fire_0014.npz,GOOD,Sen2Fire genuine wildfire: scene1/scene1/scene_1_patch_2_13.npz (88693 fire px)
wf_sen2fire_0015,WILDFIRE,SEN2FIRE,GROUND_TRUTH,38.551641,23.867031,2024-03-15T10:30:00Z,,8.0,,,"B02,B03,B04,B08,B11,B12",samples\wf_sen2fire_0015.npz,GOOD,Sen2Fire genuine wildfire: scene1/scene1/scene_1_patch_2_14.npz (82467 fire px)
wf_sen2fire_0016,WILDFIRE,SEN2FIRE,GROUND_TRUTH,38.547539,23.835586,2024-03-15T10:30:00Z,,8.0,,,"B02,B03,B04,B08,B11,B12",samples\wf_sen2fire_0016.npz,GOOD,Sen2Fire genuine wildfire: scene1/scene1/scene_1_patch_2_15.npz (50490 fire px)
wf_sen2fire_0017,WILDFIRE,SEN2FIRE,GROUND_TRUTH,38.5325,23.834609,2024-03-15T10:30:00Z,,8.0,,,"B02,B03,B04,B08,B11,B12",samples\wf_sen2fire_0017.npz,GOOD,Sen2Fire genuine wildfire: scene1/scene1/scene_1_patch_20_10.npz (35588 fire px)
wf_sen2fire_0018,WILDFIRE,SEN2FIRE,GROUND_TRUTH,38.551836,23.908828,2024-03-15T10:30:00Z,,8.0,,,"B02,B03,B04,B08,B11,B12",samples\wf_sen2fire_0018.npz,GOOD,Sen2Fire genuine wildfire: scene1/scene1/scene_1_patch_20_8.npz (2024 fire px)
wf_sen2fire_0019,WILDFIRE,SEN2FIRE,GROUND_TRUTH,38.544805,23.867617,2024-03-15T10:30:00Z,,8.0,,,"B02,B03,B04,B08,B11,B12",samples\wf_sen2fire_0019.npz,GOOD,Sen2Fire genuine wildfire: scene1/scene1/scene_1_patch_20_9.npz (64520 fire px)
wf_sen2fire_0020,WILDFIRE,SEN2FIRE,GROUND_TRUTH,38.479961,23.83168,2024-03-15T10:30:00Z,,8.0,,,"B02,B03,B04,B08,B11,B12",samples\wf_sen2fire_0020.npz,GOOD,Sen2Fire genuine wildfire: scene1/scene1/scene_1_patch_21_10.npz (7468 fire px)
wf_sen2fire_0021,WILDFIRE,SEN2FIRE,GROUND_TRUTH,38.517461,23.90043,2024-03-15T10:30:00Z,,8.0,,,"B02,B03,B04,B08,B11,B12",samples\wf_sen2fire_0021.npz,GOOD,Sen2Fire genuine wildfire: scene1/scene1/scene_1_patch_21_8.npz (25234 fire px)
wf_sen2fire_0022,WILDFIRE,SEN2FIRE,GROUND_TRUTH,38.513164,23.848281,2024-03-15T10:30:00Z,,8.0,,,"B02,B03,B04,B08,B11,B12",samples\wf_sen2fire_0022.npz,GOOD,Sen2Fire genuine wildfire: scene1/scene1/scene_1_patch_21_9.npz (114603 fire px)
wf_sen2fire_0023,WILDFIRE,SEN2FIRE,GROUND_TRUTH,38.519219,23.832656,2024-03-15T10:30:00Z,,8.0,,,"B02,B03,B04,B08,B11,B12",samples\wf_sen2fire_0023.npz,GOOD,Sen2Fire genuine wildfire: scene1/scene1/scene_1_patch_22_10.npz (39204 fire px)
wf_sen2fire_0024,WILDFIRE,SEN2FIRE,GROUND_TRUTH,38.532891,23.898672,2024-03-15T10:30:00Z,,8.0,,,"B02,B03,B04,B08,B11,B12",samples\wf_sen2fire_0024.npz,GOOD,Sen2Fire genuine wildfire: scene1/scene1/scene_1_patch_22_20.npz (16632 fire px)
wf_sen2fire_0025,WILDFIRE,SEN2FIRE,GROUND_TRUTH,38.543047,23.863125,2024-03-15T10:30:00Z,,8.0,,,"B02,B03,B04,B08,B11,B12",samples\wf_sen2fire_0025.npz,GOOD,Sen2Fire genuine wildfire: scene1/scene1/scene_1_patch_22_21.npz (75828 fire px)
wf_sen2fire_0026,WILDFIRE,SEN2FIRE,GROUND_TRUTH,38.54832,23.840859,2024-03-15T10:30:00Z,,8.0,,,"B02,B03,B04,B08,B11,B12",samples\wf_sen2fire_0026.npz,GOOD,Sen2Fire genuine wildfire: scene1/scene1/scene_1_patch_22_22.npz (55281 fire px)
wf_sen2fire_0027,WILDFIRE,SEN2FIRE,GROUND_TRUTH,38.563945,23.812148,2024-03-15T10:30:00Z,,8.0,,,"B02,B03,B04,B08,B11,B12",samples\wf_sen2fire_0027.npz,GOOD,Sen2Fire genuine wildfire: scene1/scene1/scene_1_patch_22_23.npz (1464 fire px)
wf_sen2fire_0028,WILDFIRE,SEN2FIRE,GROUND_TRUTH,38.540703,23.889297,2024-03-15T10:30:00Z,,8.0,,,"B02,B03,B04,B08,B11,B12",samples\wf_sen2fire_0028.npz,GOOD,Sen2Fire genuine wildfire: scene1/scene1/scene_1_patch_22_8.npz (33672 fire px)
wf_sen2fire_0029,WILDFIRE,SEN2FIRE,GROUND_TRUTH,38.522734,23.856875,2024-03-15T10:30:00Z,,8.0,,,"B02,B03,B04,B08,B11,B12",samples\wf_sen2fire_0029.npz,GOOD,Sen2Fire genuine wildfire: scene1/scene1/scene_1_patch_22_9.npz (142245 fire px)
wf_sen2fire_0030,WILDFIRE,SEN2FIRE,GROUND_TRUTH,38.476445,23.81293,2024-03-15T10:30:00Z,,8.0,,,"B02,B03,B04,B08,B11,B12",samples\wf_sen2fire_0030.npz,GOOD,Sen2Fire genuine wildfire: scene1/scene1/scene_1_patch_23_10.npz (2144 fire px)
wf_sen2fire_0031,WILDFIRE,SEN2FIRE,GROUND_TRUTH,38.565117,23.903359,2024-03-15T10:30:00Z,,8.0,,,"B02,B03,B04,B08,B11,B12",samples\wf_sen2fire_0031.npz,GOOD,Sen2Fire genuine wildfire: scene1/scene1/scene_1_patch_23_11.npz (3234 fire px)
wf_sen2fire_0032,WILDFIRE,SEN2FIRE,GROUND_TRUTH,38.565117,23.83168,2024-03-15T10:30:00Z,,8.0,,,"B02,B03,B04,B08,B11,B12",samples\wf_sen2fire_0032.npz,GOOD,Sen2Fire genuine wildfire: scene1/scene1/scene_1_patch_23_12.npz (4851 fire px)
wf_sen2fire_0033,WILDFIRE,SEN2FIRE,GROUND_TRUTH,38.476445,23.906484,2024-03-15T10:30:00Z,,8.0,,,"B02,B03,B04,B08,B11,B12",samples\wf_sen2fire_0033.npz,GOOD,Sen2Fire genuine wildfire: scene1/scene1/scene_1_patch_23_20.npz (2278 fire px)
wf_sen2fire_0034,WILDFIRE,SEN2FIRE,GROUND_TRUTH,38.487578,23.877187,2024-03-15T10:30:00Z,,8.0,,,"B02,B03,B04,B08,B11,B12",samples\wf_sen2fire_0034.npz,GOOD,Sen2Fire genuine wildfire: scene1/scene1/scene_1_patch_23_21.npz (46749 fire px)
wf_sen2fire_0035,WILDFIRE,SEN2FIRE,GROUND_TRUTH,38.505156,23.852187,2024-03-15T10:30:00Z,,8.0,,,"B02,B03,B04,B08,B11,B12",samples\wf_sen2fire_0035.npz,GOOD,Sen2Fire genuine wildfire: scene1/scene1/scene_1_patch_23_22.npz (96930 fire px)
wf_sen2fire_0036,WILDFIRE,SEN2FIRE,GROUND_TRUTH,38.502227,23.812148,2024-03-15T10:30:00Z,,8.0,,,"B02,B03,B04,B08,B11,B12",samples\wf_sen2fire_0036.npz,GOOD,Sen2Fire genuine wildfire: scene1/scene1/scene_1_patch_23_23.npz (4752 fire px)
wf_sen2fire_0037,WILDFIRE,SEN2FIRE,GROUND_TRUTH,38.515508,23.881289,2024-03-15T10:30:00Z,,8.0,,,"B02,B03,B04,B08,B11,B12",samples\wf_sen2fire_0037.npz,GOOD,Sen2Fire genuine wildfire: scene1/scene1/scene_1_patch_23_8.npz (101519 fire px)
wf_sen2fire_0038,WILDFIRE,SEN2FIRE,GROUND_TRUTH,38.510234,23.835977,2024-03-15T10:30:00Z,,8.0,,,"B02,B03,B04,B08,B11,B12",samples\wf_sen2fire_0038.npz,GOOD,Sen2Fire genuine wildfire: scene1/scene1/scene_1_patch_23_9.npz (84383 fire px)
wf_sen2fire_0039,WILDFIRE,SEN2FIRE,GROUND_TRUTH,38.556523,23.901992,2024-03-15T10:30:00Z,,8.0,,,"B02,B03,B04,B08,B11,B12",samples\wf_sen2fire_0039.npz,GOOD,Sen2Fire genuine wildfire: scene1/scene1/scene_1_patch_24_10.npz (11016 fire px)
wf_sen2fire_0040,WILDFIRE,SEN2FIRE,GROUND_TRUTH,38.531133,23.865273,2024-03-15T10:30:00Z,,8.0,,,"B02,B03,B04,B08,B11,B12",samples\wf_sen2fire_0040.npz,GOOD,Sen2Fire genuine wildfire: scene1/scene1/scene_1_patch_24_11.npz (26668 fire px)
wf_sen2fire_0041,WILDFIRE,SEN2FIRE,GROUND_TRUTH,38.50457,23.83168,2024-03-15T10:30:00Z,,8.0,,,"B02,B03,B04,B08,B11,B12",samples\wf_sen2fire_0041.npz,GOOD,Sen2Fire genuine wildfire: scene1/scene1/scene_1_patch_24_12.npz (19602 fire px)
wf_sen2fire_0042,WILDFIRE,SEN2FIRE,GROUND_TRUTH,38.543242,23.907461,2024-03-15T10:30:00Z,,8.0,,,"B02,B03,B04,B08,B11,B12",samples\wf_sen2fire_0042.npz,GOOD,Sen2Fire genuine wildfire: scene1/scene1/scene_1_patch_24_7.npz (4950 fire px)
wf_sen2fire_0043,WILDFIRE,SEN2FIRE,GROUND_TRUTH,38.534648,23.865273,2024-03-15T10:30:00Z,,8.0,,,"B02,B03,B04,B08,B11,B12",samples\wf_sen2fire_0043.npz,GOOD,Sen2Fire genuine wildfire: scene1/scene1/scene_1_patch_24_8.npz (59155 fire px)
wf_sen2fire_0044,WILDFIRE,SEN2FIRE,GROUND_TRUTH,38.499688,23.82875,2024-03-15T10:30:00Z,,8.0,,,"B02,B03,B04,B08,B11,B12",samples\wf_sen2fire_0044.npz,GOOD,Sen2Fire genuine wildfire: scene1/scene1/scene_1_patch_24_9.npz (21832 fire px)
wf_sen2fire_0045,WILDFIRE,SEN2FIRE,GROUND_TRUTH,38.52918,23.844766,2024-03-15T10:30:00Z,,8.0,,,"B02,B03,B04,B08,B11,B12",samples\wf_sen2fire_0045.npz,GOOD,Sen2Fire genuine wildfire: scene1/scene1/scene_1_patch_25_10.npz (75394 fire px)
wf_sen2fire_0046,WILDFIRE,SEN2FIRE,GROUND_TRUTH,38.488359,23.82875,2024-03-15T10:30:00Z,,8.0,,,"B02,B03,B04,B08,B11,B12",samples\wf_sen2fire_0046.npz,GOOD,Sen2Fire genuine wildfire: scene1/scene1/scene_1_patch_25_11.npz (19000 fire px)
wf_sen2fire_0047,WILDFIRE,SEN2FIRE,GROUND_TRUTH,38.567461,23.902578,2024-03-15T10:30:00Z,,8.0,,,"B02,B03,B04,B08,B11,B12",samples\wf_sen2fire_0047.npz,GOOD,Sen2Fire genuine wildfire: scene1/scene1/scene_1_patch_25_24.npz (1800 fire px)
wf_sen2fire_0048,WILDFIRE,SEN2FIRE,GROUND_TRUTH,38.559648,23.873672,2024-03-15T10:30:00Z,,8.0,,,"B02,B03,B04,B08,B11,B12",samples\wf_sen2fire_0048.npz,GOOD,Sen2Fire genuine wildfire: scene1/scene1/scene_1_patch_25_25.npz (30816 fire px)
wf_sen2fire_0049,WILDFIRE,SEN2FIRE,GROUND_TRUTH,38.559844,23.819961,2024-03-15T10:30:00Z,,8.0,,,"B02,B03,B04,B08,B11,B12",samples\wf_sen2fire_0049.npz,GOOD,Sen2Fire genuine wildfire: scene1/scene1/scene_1_patch_25_26.npz (10740 fire px)
wf_sen2fire_0050,WILDFIRE,SEN2FIRE,GROUND_TRUTH,38.522344,23.898477,2024-03-15T10:30:00Z,,8.0,,,"B02,B03,B04,B08,B11,B12",samples\wf_sen2fire_0050.npz,GOOD,Sen2Fire genuine wildfire: scene1/scene1/scene_1_patch_25_7.npz (27150 fire px)
wf_sen2fire_0051,WILDFIRE,SEN2FIRE,GROUND_TRUTH,38.524102,23.866445,2024-03-15T10:30:00Z,,8.0,,,"B02,B03,B04,B08,B11,B12",samples\wf_sen2fire_0051.npz,GOOD,Sen2Fire genuine wildfire: scene1/scene1/scene_1_patch_25_8.npz (167042 fire px)
wf_sen2fire_0052,WILDFIRE,SEN2FIRE,GROUND_TRUTH,38.536406,23.857656,2024-03-15T10:30:00Z,,8.0,,,"B02,B03,B04,B08,B11,B12",samples\wf_sen2fire_0052.npz,GOOD,Sen2Fire genuine wildfire: scene1/scene1/scene_1_patch_25_9.npz (164243 fire px)
wf_sen2fire_0053,WILDFIRE,SEN2FIRE,GROUND_TRUTH,38.490703,23.846523,2024-03-15T10:30:00Z,,8.0,,,"B02,B03,B04,B08,B11,B12",samples\wf_sen2fire_0053.npz,GOOD,Sen2Fire genuine wildfire: scene1/scene1/scene_1_patch_26_10.npz (35315 fire px)
wf_sen2fire_0054,WILDFIRE,SEN2FIRE,GROUND_TRUTH,38.526836,23.851992,2024-03-15T10:30:00Z,,8.0,,,"B02,B03,B04,B08,B11,B12",samples\wf_sen2fire_0054.npz,GOOD,Sen2Fire genuine wildfire: scene1/scene1/scene_1_patch_26_11.npz (49302 fire px)
wf_sen2fire_0055,WILDFIRE,SEN2FIRE,GROUND_TRUTH,38.513359,23.895742,2024-03-15T10:30:00Z,,8.0,,,"B02,B03,B04,B08,B11,B12",samples\wf_sen2fire_0055.npz,GOOD,Sen2Fire genuine wildfire: scene1/scene1/scene_1_patch_26_24.npz (24750 fire px)
wf_sen2fire_0056,WILDFIRE,SEN2FIRE,GROUND_TRUTH,38.506914,23.861758,2024-03-15T10:30:00Z,,8.0,,,"B02,B03,B04,B08,B11,B12",samples\wf_sen2fire_0056.npz,GOOD,Sen2Fire genuine wildfire: scene1/scene1/scene_1_patch_26_25.npz (119790 fire px)
wf_sen2fire_0057,WILDFIRE,SEN2FIRE,GROUND_TRUTH,38.499883,23.821719,2024-03-15T10:30:00Z,,8.0,,,"B02,B03,B04,B08,B11,B12",samples\wf_sen2fire_0057.npz,GOOD,Sen2Fire genuine wildfire: scene1/scene1/scene_1_patch_26_26.npz (29997 fire px)
wf_sen2fire_0058,WILDFIRE,SEN2FIRE,GROUND_TRUTH,38.470391,23.897695,2024-03-15T10:30:00Z,,8.0,,,"B02,B03,B04,B08,B11,B12",samples\wf_sen2fire_0058.npz,GOOD,Sen2Fire genuine wildfire: scene1/scene1/scene_1_patch_26_7.npz (625 fire px)
wf_sen2fire_0059,WILDFIRE,SEN2FIRE,GROUND_TRUTH,38.495586,23.885195,2024-03-15T10:30:00Z,,8.0,,,"B02,B03,B04,B08,B11,B12",samples\wf_sen2fire_0059.npz,GOOD,Sen2Fire genuine wildfire: scene1/scene1/scene_1_patch_26_8.npz (64915 fire px)
wf_sen2fire_0060,WILDFIRE,SEN2FIRE,GROUND_TRUTH,38.495977,23.852578,2024-03-15T10:30:00Z,,8.0,,,"B02,B03,B04,B08,B11,B12",samples\wf_sen2fire_0060.npz,GOOD,Sen2Fire genuine wildfire: scene1/scene1/scene_1_patch_26_9.npz (124033 fire px)
wf_sen2fire_0061,WILDFIRE,SEN2FIRE,GROUND_TRUTH,38.471563,23.858047,2024-03-15T10:30:00Z,,8.0,,,"B02,B03,B04,B08,B11,B12",samples\wf_sen2fire_0061.npz,GOOD,Sen2Fire genuine wildfire: scene1/scene1/scene_1_patch_27_11.npz (3383 fire px)
wf_sen2fire_0062,WILDFIRE,SEN2FIRE,GROUND_TRUTH,38.471563,23.849453,2024-03-15T10:30:00Z,,8.0,,,"B02,B03,B04,B08,B11,B12",samples\wf_sen2fire_0062.npz,GOOD,Sen2Fire genuine wildfire: scene1/scene1/scene_1_patch_27_25.npz (1683 fire px)
wf_sen2fire_0063,WILDFIRE,SEN2FIRE,GROUND_TRUTH,38.561406,23.893594,2024-03-15T10:30:00Z,,8.0,,,"B02,B03,B04,B08,B11,B12",samples\wf_sen2fire_0063.npz,GOOD,Sen2Fire genuine wildfire: scene1/scene1/scene_1_patch_28_11.npz (14442 fire px)
wf_sen2fire_0064,WILDFIRE,SEN2FIRE,GROUND_TRUTH,38.544023,23.845937,2024-03-15T10:30:00Z,,8.0,,,"B02,B03,B04,B08,B11,B12",samples\wf_sen2fire_0064.npz,GOOD,Sen2Fire genuine wildfire: scene1/scene1/scene_1_patch_28_12.npz (32607 fire px)
wf_sen2fire_0065,WILDFIRE,SEN2FIRE,GROUND_TRUTH,38.550078,23.877187,2024-03-15T10:30:00Z,,8.0,,,"B02,B03,B04,B08,B11,B12",samples\wf_sen2fire_0065.npz,GOOD,Sen2Fire genuine wildfire: scene1/scene1/scene_1_patch_29_10.npz (27201 fire px)
wf_sen2fire_0066,WILDFIRE,SEN2FIRE,GROUND_TRUTH,38.514141,23.878555,2024-03-15T10:30:00Z,,8.0,,,"B02,B03,B04,B08,B11,B12",samples\wf_sen2fire_0066.npz,GOOD,Sen2Fire genuine wildfire: scene1/scene1/scene_1_patch_29_11.npz (77280 fire px)
wf_sen2fire_0067,WILDFIRE,SEN2FIRE,GROUND_TRUTH,38.503594,23.829922,2024-03-15T10:30:00Z,,8.0,,,"B02,B03,B04,B08,B11,B12",samples\wf_sen2fire_0067.npz,GOOD,Sen2Fire genuine wildfire: scene1/scene1/scene_1_patch_29_12.npz (57717 fire px)
wf_sen2fire_0068,WILDFIRE,SEN2FIRE,GROUND_TRUTH,38.561016,23.900234,2024-03-15T10:30:00Z,,8.0,,,"B02,B03,B04,B08,B11,B12",samples\wf_sen2fire_0068.npz,GOOD,Sen2Fire genuine wildfire: scene1/scene1/scene_1_patch_29_15.npz (8817 fire px)
wf_sen2fire_0069,WILDFIRE,SEN2FIRE,GROUND_TRUTH,38.555742,23.837148,2024-03-15T10:30:00Z,,8.0,,,"B02,B03,B04,B08,B11,B12",samples\wf_sen2fire_0069.npz,GOOD,Sen2Fire genuine wildfire: scene1/scene1/scene_1_patch_29_16.npz (24825 fire px)
wf_sen2fire_0070,WILDFIRE,SEN2FIRE,GROUND_TRUTH,38.472148,23.903359,2024-03-15T10:30:00Z,,8.0,,,"B02,B03,B04,B08,B11,B12",samples\wf_sen2fire_0070.npz,GOOD,Sen2Fire genuine wildfire: scene1/scene1/scene_1_patch_3_11.npz (1584 fire px)
wf_sen2fire_0071,WILDFIRE,SEN2FIRE,GROUND_TRUTH,38.498516,23.876797,2024-03-15T10:30:00Z,,8.0,,,"B02,B03,B04,B08,B11,B12",samples\wf_sen2fire_0071.npz,GOOD,Sen2Fire genuine wildfire: scene1/scene1/scene_1_patch_3_12.npz (105147 fire px)
wf_sen2fire_0072,WILDFIRE,SEN2FIRE,GROUND_TRUTH,38.493633,23.846523,2024-03-15T10:30:00Z,,8.0,,,"B02,B03,B04,B08,B11,B12",samples\wf_sen2fire_0072.npz,GOOD,Sen2Fire genuine wildfire: scene1/scene1/scene_1_patch_3_13.npz (94536 fire px)
wf_sen2fire_0073,WILDFIRE,SEN2FIRE,GROUND_TRUTH,38.4825,23.862344,2024-03-15T10:30:00Z,,8.0,,,"B02,B03,B04,B08,B11,B12",samples\wf_sen2fire_0073.npz,GOOD,Sen2Fire genuine wildfire: scene1/scene1/scene_1_patch_3_14.npz (58392 fire px)
wf_sen2fire_0074,WILDFIRE,SEN2FIRE,GROUND_TRUTH,38.480938,23.832461,2024-03-15T10:30:00Z,,8.0,,,"B02,B03,B04,B08,B11,B12",samples\wf_sen2fire_0074.npz,GOOD,Sen2Fire genuine wildfire: scene1/scene1/scene_1_patch_3_15.npz (27615 fire px)
wf_sen2fire_0075,WILDFIRE,SEN2FIRE,GROUND_TRUTH,38.507305,23.888125,2024-03-15T10:30:00Z,,8.0,,,"B02,B03,B04,B08,B11,B12",samples\wf_sen2fire_0075.npz,GOOD,Sen2Fire genuine wildfire: scene1/scene1/scene_1_patch_30_10.npz (46385 fire px)
wf_sen2fire_0076,WILDFIRE,SEN2FIRE,GROUND_TRUTH,38.535039,23.837734,2024-03-15T10:30:00Z,,8.0,,,"B02,B03,B04,B08,B11,B12",samples\wf_sen2fire_0076.npz,GOOD,Sen2Fire genuine wildfire: scene1/scene1/scene_1_patch_30_11.npz (63736 fire px)
wf_sen2fire_0077,WILDFIRE,SEN2FIRE,GROUND_TRUTH,38.489336,23.899648,2024-03-15T10:30:00Z,,8.0,,,"B02,B03,B04,B08,B11,B12",samples\wf_sen2fire_0077.npz,GOOD,Sen2Fire genuine wildfire: scene1/scene1/scene_1_patch_30_15.npz (11017 fire px)
wf_sen2fire_0078,WILDFIRE,SEN2FIRE,GROUND_TRUTH,38.486602,23.835391,2024-03-15T10:30:00Z,,8.0,,,"B02,B03,B04,B08,B11,B12",samples\wf_sen2fire_0078.npz,GOOD,Sen2Fire genuine wildfire: scene1/scene1/scene_1_patch_30_16.npz (25001 fire px)
wf_sen2fire_0079,WILDFIRE,SEN2FIRE,GROUND_TRUTH,38.47625,23.901992,2024-03-15T10:30:00Z,,8.0,,,"B02,B03,B04,B08,B11,B12",samples\wf_sen2fire_0079.npz,GOOD,Sen2Fire genuine wildfire: scene1/scene1/scene_1_patch_31_10.npz (5265 fire px)
wf_sen2fire_0080,WILDFIRE,SEN2FIRE,GROUND_TRUTH,38.500859,23.858828,2024-03-15T10:30:00Z,,8.0,,,"B02,B03,B04,B08,B11,B12",samples\wf_sen2fire_0080.npz,GOOD,Sen2Fire genuine wildfire: scene1/scene1/scene_1_patch_31_11.npz (42536 fire px)
wf_sen2fire_0081,WILDFIRE,SEN2FIRE,GROUND_TRUTH,38.528008,23.850234,2024-03-15T10:30:00Z,,8.0,,,"B02,B03,B04,B08,B11,B12",samples\wf_sen2fire_0081.npz,GOOD,Sen2Fire genuine wildfire: scene1/scene1/scene_1_patch_31_12.npz (25938 fire px)
wf_sen2fire_0082,WILDFIRE,SEN2FIRE,GROUND_TRUTH,38.564922,23.907656,2024-03-15T10:30:00Z,,8.0,,,"B02,B03,B04,B08,B11,B12",samples\wf_sen2fire_0082.npz,GOOD,Sen2Fire genuine wildfire: scene1/scene1/scene_1_patch_31_14.npz (1122 fire px)
wf_sen2fire_0083,WILDFIRE,SEN2FIRE,GROUND_TRUTH,38.560039,23.86625,2024-03-15T10:30:00Z,,8.0,,,"B02,B03,B04,B08,B11,B12",samples\wf_sen2fire_0083.npz,GOOD,Sen2Fire genuine wildfire: scene1/scene1/scene_1_patch_31_15.npz (30198 fire px)
wf_sen2fire_0084,WILDFIRE,SEN2FIRE,GROUND_TRUTH,38.564922,23.821523,2024-03-15T10:30:00Z,,8.0,,,"B02,B03,B04,B08,B11,B12",samples\wf_sen2fire_0084.npz,GOOD,Sen2Fire genuine wildfire: scene1/scene1/scene_1_patch_31_16.npz (6120 fire px)
wf_sen2fire_0085,WILDFIRE,SEN2FIRE,GROUND_TRUTH,38.477422,23.887148,2024-03-15T10:30:00Z,,8.0,,,"B02,B03,B04,B08,B11,B12",samples\wf_sen2fire_0085.npz,GOOD,Sen2Fire genuine wildfire: scene1/scene1/scene_1_patch_32_11.npz (7700 fire px)
wf_sen2fire_0086,WILDFIRE,SEN2FIRE,GROUND_TRUTH,38.477422,23.815859,2024-03-15T10:30:00Z,,8.0,,,"B02,B03,B04,B08,B11,B12",samples\wf_sen2fire_0086.npz,GOOD,Sen2Fire genuine wildfire: scene1/scene1/scene_1_patch_32_12.npz (4774 fire px)
wf_sen2fire_0087,WILDFIRE,SEN2FIRE,GROUND_TRUTH,38.524297,23.876211,2024-03-15T10:30:00Z,,8.0,,,"B02,B03,B04,B08,B11,B12",samples\wf_sen2fire_0087.npz,GOOD,Sen2Fire genuine wildfire: scene1/scene1/scene_1_patch_32_13.npz (43065 fire px)
wf_sen2fire_0088,WILDFIRE,SEN2FIRE,GROUND_TRUTH,38.528594,23.859219,2024-03-15T10:30:00Z,,8.0,,,"B02,B03,B04,B08,B11,B12",samples\wf_sen2fire_0088.npz,GOOD,Sen2Fire genuine wildfire: scene1/scene1/scene_1_patch_32_14.npz (60489 fire px)
wf_sen2fire_0089,WILDFIRE,SEN2FIRE,GROUND_TRUTH,38.501445,23.865273,2024-03-15T10:30:00Z,,8.0,,,"B02,B03,B04,B08,B11,B12",samples\wf_sen2fire_0089.npz,GOOD,Sen2Fire genuine wildfire: scene1/scene1/scene_1_patch_32_15.npz (68189 fire px)
wf_sen2fire_0090,WILDFIRE,SEN2FIRE,GROUND_TRUTH,38.506523,23.828945,2024-03-15T10:30:00Z,,8.0,,,"B02,B03,B04,B08,B11,B12",samples\wf_sen2fire_0090.npz,GOOD,Sen2Fire genuine wildfire: scene1/scene1/scene_1_patch_32_16.npz (31581 fire px)
wf_sen2fire_0091,WILDFIRE,SEN2FIRE,GROUND_TRUTH,38.565508,23.903359,2024-03-15T10:30:00Z,,8.0,,,"B02,B03,B04,B08,B11,B12",samples\wf_sen2fire_0091.npz,GOOD,Sen2Fire genuine wildfire: scene1/scene1/scene_1_patch_7_11.npz (2904 fire px)
wf_sen2fire_0092,WILDFIRE,SEN2FIRE,GROUND_TRUTH,38.5575,23.879141,2024-03-15T10:30:00Z,,8.0,,,"B02,B03,B04,B08,B11,B12",samples\wf_sen2fire_0092.npz,GOOD,Sen2Fire genuine wildfire: scene1/scene1/scene_1_patch_7_12.npz (30096 fire px)
wf_sen2fire_0093,WILDFIRE,SEN2FIRE,GROUND_TRUTH,38.539531,23.867422,2024-03-15T10:30:00Z,,8.0,,,"B02,B03,B04,B08,B11,B12",samples\wf_sen2fire_0093.npz,GOOD,Sen2Fire genuine wildfire: scene1/scene1/scene_1_patch_7_13.npz (138457 fire px)
wf_sen2fire_0094,WILDFIRE,SEN2FIRE,GROUND_TRUTH,38.544023,23.855313,2024-03-15T10:30:00Z,,8.0,,,"B02,B03,B04,B08,B11,B12",samples\wf_sen2fire_0094.npz,GOOD,Sen2Fire genuine wildfire: scene1/scene1/scene_1_patch_7_14.npz (128557 fire px)
wf_sen2fire_0095,WILDFIRE,SEN2FIRE,GROUND_TRUTH,38.552813,23.834219,2024-03-15T10:30:00Z,,8.0,,,"B02,B03,B04,B08,B11,B12",samples\wf_sen2fire_0095.npz,GOOD,Sen2Fire genuine wildfire: scene1/scene1/scene_1_patch_7_15.npz (39160 fire px)
wf_sen2fire_0096,WILDFIRE,SEN2FIRE,GROUND_TRUTH,38.558281,23.870352,2024-03-15T10:30:00Z,,8.0,,,"B02,B03,B04,B08,B11,B12",samples\wf_sen2fire_0096.npz,GOOD,Sen2Fire genuine wildfire: scene1/scene1/scene_1_patch_7_16.npz (37873 fire px)
wf_sen2fire_0097,WILDFIRE,SEN2FIRE,GROUND_TRUTH,38.56043,23.819375,2024-03-15T10:30:00Z,,8.0,,,"B02,B03,B04,B08,B11,B12",samples\wf_sen2fire_0097.npz,GOOD,Sen2Fire genuine wildfire: scene1/scene1/scene_1_patch_7_17.npz (9405 fire px)
wf_sen2fire_0098,WILDFIRE,SEN2FIRE,GROUND_TRUTH,38.536016,23.868008,2024-03-15T10:30:00Z,,8.0,,,"B02,B03,B04,B08,B11,B12",samples\wf_sen2fire_0098.npz,GOOD,Sen2Fire genuine wildfire: scene1/scene1/scene_1_patch_8_10.npz (125019 fire px)
wf_sen2fire_0099,WILDFIRE,SEN2FIRE,GROUND_TRUTH,38.536211,23.861367,2024-03-15T10:30:00Z,,8.0,,,"B02,B03,B04,B08,B11,B12",samples\wf_sen2fire_0099.npz,GOOD,Sen2Fire genuine wildfire: scene1/scene1/scene_1_patch_8_11.npz (174982 fire px)
wf_sen2fire_0100,WILDFIRE,SEN2FIRE,GROUND_TRUTH,38.526836,23.859414,2024-03-15T10:30:00Z,,8.0,,,"B02,B03,B04,B08,B11,B12",samples\wf_sen2fire_0100.npz,GOOD,Sen2Fire genuine wildfire: scene1/scene1/scene_1_patch_8_12.npz (202365 fire px)
wf_sen2fire_0101,WILDFIRE,SEN2FIRE,GROUND_TRUTH,38.516094,23.862344,2024-03-15T10:30:00Z,,8.0,,,"B02,B03,B04,B08,B11,B12",samples\wf_sen2fire_0101.npz,GOOD,Sen2Fire genuine wildfire: scene1/scene1/scene_1_patch_8_13.npz (222167 fire px)
wf_sen2fire_0102,WILDFIRE,SEN2FIRE,GROUND_TRUTH,38.519609,23.86,2024-03-15T10:30:00Z,,8.0,,,"B02,B03,B04,B08,B11,B12",samples\wf_sen2fire_0102.npz,GOOD,Sen2Fire genuine wildfire: scene1/scene1/scene_1_patch_8_14.npz (257475 fire px)
wf_sen2fire_0103,WILDFIRE,SEN2FIRE,GROUND_TRUTH,38.527422,23.856484,2024-03-15T10:30:00Z,,8.0,,,"B02,B03,B04,B08,B11,B12",samples\wf_sen2fire_0103.npz,GOOD,Sen2Fire genuine wildfire: scene1/scene1/scene_1_patch_8_15.npz (218239 fire px)
wf_sen2fire_0104,WILDFIRE,SEN2FIRE,GROUND_TRUTH,38.525664,23.862344,2024-03-15T10:30:00Z,,8.0,,,"B02,B03,B04,B08,B11,B12",samples\wf_sen2fire_0104.npz,GOOD,Sen2Fire genuine wildfire: scene1/scene1/scene_1_patch_8_16.npz (226051 fire px)
wf_sen2fire_0105,WILDFIRE,SEN2FIRE,GROUND_TRUTH,38.531133,23.826602,2024-03-15T10:30:00Z,,8.0,,,"B02,B03,B04,B08,B11,B12",samples\wf_sen2fire_0105.npz,GOOD,Sen2Fire genuine wildfire: scene1/scene1/scene_1_patch_8_17.npz (73820 fire px)
wf_sen2fire_0106,WILDFIRE,SEN2FIRE,GROUND_TRUTH,38.524883,23.90043,2024-03-15T10:30:00Z,,8.0,,,"B02,B03,B04,B08,B11,B12",samples\wf_sen2fire_0106.npz,GOOD,Sen2Fire genuine wildfire: scene1/scene1/scene_1_patch_8_9.npz (19008 fire px)
wf_sen2fire_0107,WILDFIRE,SEN2FIRE,GROUND_TRUTH,38.523711,23.866836,2024-03-15T10:30:00Z,,8.0,,,"B02,B03,B04,B08,B11,B12",samples\wf_sen2fire_0107.npz,GOOD,Sen2Fire genuine wildfire: scene1/scene1/scene_1_patch_9_10.npz (201709 fire px)
wf_sen2fire_0108,WILDFIRE,SEN2FIRE,GROUND_TRUTH,38.515703,23.855703,2024-03-15T10:30:00Z,,8.0,,,"B02,B03,B04,B08,B11,B12",samples\wf_sen2fire_0108.npz,GOOD,Sen2Fire genuine wildfire: scene1/scene1/scene_1_patch_9_11.npz (179974 fire px)
wf_sen2fire_0109,WILDFIRE,SEN2FIRE,GROUND_TRUTH,38.519023,23.860391,2024-03-15T10:30:00Z,,8.0,,,"B02,B03,B04,B08,B11,B12",samples\wf_sen2fire_0109.npz,GOOD,Sen2Fire genuine wildfire: scene1/scene1/scene_1_patch_9_12.npz (190473 fire px)
wf_sen2fire_0110,WILDFIRE,SEN2FIRE,GROUND_TRUTH,38.525469,23.860195,2024-03-15T10:30:00Z,,8.0,,,"B02,B03,B04,B08,B11,B12",samples\wf_sen2fire_0110.npz,GOOD,Sen2Fire genuine wildfire: scene1/scene1/scene_1_patch_9_13.npz (166314 fire px)
wf_sen2fire_0111,WILDFIRE,SEN2FIRE,GROUND_TRUTH,38.520586,23.861172,2024-03-15T10:30:00Z,,8.0,,,"B02,B03,B04,B08,B11,B12",samples\wf_sen2fire_0111.npz,GOOD,Sen2Fire genuine wildfire: scene1/scene1/scene_1_patch_9_14.npz (253135 fire px)
wf_sen2fire_0112,WILDFIRE,SEN2FIRE,GROUND_TRUTH,38.518242,23.858047,2024-03-15T10:30:00Z,,8.0,,,"B02,B03,B04,B08,B11,B12",samples\wf_sen2fire_0112.npz,GOOD,Sen2Fire genuine wildfire: scene1/scene1/scene_1_patch_9_15.npz (251399 fire px)
wf_sen2fire_0113,WILDFIRE,SEN2FIRE,GROUND_TRUTH,38.509453,23.858828,2024-03-15T10:30:00Z,,8.0,,,"B02,B03,B04,B08,B11,B12",samples\wf_sen2fire_0113.npz,GOOD,Sen2Fire genuine wildfire: scene1/scene1/scene_1_patch_9_16.npz (206087 fire px)
wf_sen2fire_0114,WILDFIRE,SEN2FIRE,GROUND_TRUTH,38.511602,23.838516,2024-03-15T10:30:00Z,,8.0,,,"B02,B03,B04,B08,B11,B12",samples\wf_sen2fire_0114.npz,GOOD,Sen2Fire genuine wildfire: scene1/scene1/scene_1_patch_9_17.npz (112192 fire px)
wf_sen2fire_0115,WILDFIRE,SEN2FIRE,GROUND_TRUTH,38.545195,23.894375,2024-03-15T10:30:00Z,,8.0,,,"B02,B03,B04,B08,B11,B12",samples\wf_sen2fire_0115.npz,GOOD,Sen2Fire genuine wildfire: scene1/scene1/scene_1_patch_9_9.npz (30633 fire px)
wf_sen2fire_0116,WILDFIRE,SEN2FIRE,GROUND_TRUTH,-35.327344,149.816406,2024-03-15T10:30:00Z,,8.0,,,"B02,B03,B04,B08,B11,B12",samples\wf_sen2fire_0116.npz,GOOD,Sen2Fire genuine wildfire: scene2/scene2/scene_2_patch_10_7.npz (29100 fire px)
wf_sen2fire_0117,WILDFIRE,SEN2FIRE,GROUND_TRUTH,-35.327344,149.760352,2024-03-15T10:30:00Z,,8.0,,,"B02,B03,B04,B08,B11,B12",samples\wf_sen2fire_0117.npz,GOOD,Sen2Fire genuine wildfire: scene2/scene2/scene_2_patch_10_8.npz (10379 fire px)
wf_sen2fire_0118,WILDFIRE,SEN2FIRE,GROUND_TRUTH,-35.272266,149.815625,2024-03-15T10:30:00Z,,8.0,,,"B02,B03,B04,B08,B11,B12",samples\wf_sen2fire_0118.npz,GOOD,Sen2Fire genuine wildfire: scene2/scene2/scene_2_patch_15_10.npz (19600 fire px)
wf_sen2fire_0119,WILDFIRE,SEN2FIRE,GROUND_TRUTH,-35.262695,149.755078,2024-03-15T10:30:00Z,,8.0,,,"B02,B03,B04,B08,B11,B12",samples\wf_sen2fire_0119.npz,GOOD,Sen2Fire genuine wildfire: scene2/scene2/scene_2_patch_15_11.npz (5194 fire px)
wf_sen2fire_0120,WILDFIRE,SEN2FIRE,GROUND_TRUTH,-35.339062,149.822852,2024-03-15T10:30:00Z,,8.0,,,"B02,B03,B04,B08,B11,B12",samples\wf_sen2fire_0120.npz,GOOD,Sen2Fire genuine wildfire: scene2/scene2/scene_2_patch_16_10.npz (11300 fire px)
wf_sen2fire_0121,WILDFIRE,SEN2FIRE,GROUND_TRUTH,-35.337695,149.755078,2024-03-15T10:30:00Z,,8.0,,,"B02,B03,B04,B08,B11,B12",samples\wf_sen2fire_0121.npz,GOOD,Sen2Fire genuine wildfire: scene2/scene2/scene_2_patch_16_11.npz (5194 fire px)
wf_sen2fire_0122,WILDFIRE,SEN2FIRE,GROUND_TRUTH,-35.281641,149.821094,2024-03-15T10:30:00Z,,8.0,,,"B02,B03,B04,B08,B11,B12",samples\wf_sen2fire_0122.npz,GOOD,Sen2Fire genuine wildfire: scene2/scene2/scene_2_patch_16_5.npz (86402 fire px)
wf_sen2fire_0123,WILDFIRE,SEN2FIRE,GROUND_TRUTH,-35.274414,149.7875,2024-03-15T10:30:00Z,,8.0,,,"B02,B03,B04,B08,B11,B12",samples\wf_sen2fire_0123.npz,GOOD,Sen2Fire genuine wildfire: scene2/scene2/scene_2_patch_16_6.npz (102854 fire px)
wf_sen2fire_0124,WILDFIRE,SEN2FIRE,GROUND_TRUTH,-35.261328,149.758789,2024-03-15T10:30:00Z,,8.0,,,"B02,B03,B04,B08,B11,B12",samples\wf_sen2fire_0124.npz,GOOD,Sen2Fire genuine wildfire: scene2/scene2/scene_2_patch_16_7.npz (8918 fire px)
wf_sen2fire_0125,WILDFIRE,SEN2FIRE,GROUND_TRUTH,-35.306641,149.824805,2024-03-15T10:30:00Z,,8.0,,,"B02,B03,B04,B08,B11,B12",samples\wf_sen2fire_0125.npz,GOOD,Sen2Fire genuine wildfire: scene2/scene2/scene_2_patch_17_5.npz (118908 fire px)
wf_sen2fire_0126,WILDFIRE,SEN2FIRE,GROUND_TRUTH,-35.303711,149.78457,2024-03-15T10:30:00Z,,8.0,,,"B02,B03,B04,B08,B11,B12",samples\wf_sen2fire_0126.npz,GOOD,Sen2Fire genuine wildfire: scene2/scene2/scene_2_patch_17_6.npz (172814 fire px)
wf_sen2fire_0127,WILDFIRE,SEN2FIRE,GROUND_TRUTH,-35.336328,149.758789,2024-03-15T10:30:00Z,,8.0,,,"B02,B03,B04,B08,B11,B12",samples\wf_sen2fire_0127.npz,GOOD,Sen2Fire genuine wildfire: scene2/scene2/scene_2_patch_17_7.npz (8918 fire px)
wf_sen2fire_0128,WILDFIRE,SEN2FIRE,GROUND_TRUTH,-35.30625,149.832031,2024-03-15T10:30:00Z,,8.0,,,"B02,B03,B04,B08,B11,B12",samples\wf_sen2fire_0128.npz,GOOD,Sen2Fire genuine wildfire: scene2/scene2/scene_2_patch_18_5.npz (63994 fire px)
wf_sen2fire_0129,WILDFIRE,SEN2FIRE,GROUND_TRUTH,-35.30293,149.790234,2024-03-15T10:30:00Z,,8.0,,,"B02,B03,B04,B08,B11,B12",samples\wf_sen2fire_0129.npz,GOOD,Sen2Fire genuine wildfire: scene2/scene2/scene_2_patch_18_6.npz (150035 fire px)
wf_sen2fire_0130,WILDFIRE,SEN2FIRE,GROUND_TRUTH,-35.268555,149.758789,2024-03-15T10:30:00Z,,8.0,,,"B02,B03,B04,B08,B11,B12",samples\wf_sen2fire_0130.npz,GOOD,Sen2Fire genuine wildfire: scene2/scene2/scene_2_patch_18_7.npz (17199 fire px)
wf_sen2fire_0131,WILDFIRE,SEN2FIRE,GROUND_TRUTH,-35.346484,149.834961,2024-03-15T10:30:00Z,,8.0,,,"B02,B03,B04,B08,B11,B12",samples\wf_sen2fire_0131.npz,GOOD,Sen2Fire genuine wildfire: scene2/scene2/scene_2_patch_19_5.npz (5624 fire px)
wf_sen2fire_0132,WILDFIRE,SEN2FIRE,GROUND_TRUTH,-35.341797,149.80918,2024-03-15T10:30:00Z,,8.0,,,"B02,B03,B04,B08,B11,B12",samples\wf_sen2fire_0132.npz,GOOD,Sen2Fire genuine wildfire: scene2/scene2/scene_2_patch_19_6.npz (27277 fire px)
wf_sen2fire_0133,WILDFIRE,SEN2FIRE,GROUND_TRUTH,-35.336914,149.758789,2024-03-15T10:30:00Z,,8.0,,,"B02,B03,B04,B08,B11,B12",samples\wf_sen2fire_0133.npz,GOOD,Sen2Fire genuine wildfire: scene2/scene2/scene_2_patch_19_7.npz (12285 fire px)
wf_sen2fire_0134,WILDFIRE,SEN2FIRE,GROUND_TRUTH,-35.261133,149.792578,2024-03-15T10:30:00Z,,8.0,,,"B02,B03,B04,B08,B11,B12",samples\wf_sen2fire_0134.npz,GOOD,Sen2Fire genuine wildfire: scene2/scene2/scene_2_patch_2_10.npz (49381 fire px)
wf_sen2fire_0135,WILDFIRE,SEN2FIRE,GROUND_TRUTH,-35.261133,149.755078,2024-03-15T10:30:00Z,,8.0,,,"B02,B03,B04,B08,B11,B12",samples\wf_sen2fire_0135.npz,GOOD,Sen2Fire genuine wildfire: scene2/scene2/scene_2_patch_2_11.npz (5989 fire px)
wf_sen2fire_0136,WILDFIRE,SEN2FIRE,GROUND_TRUTH,-35.261719,149.822461,2024-03-15T10:30:00Z,,8.0,,,"B02,B03,B04,B08,B11,B12",samples\wf_sen2fire_0136.npz,GOOD,Sen2Fire genuine wildfire: scene2/scene2/scene_2_patch_2_9.npz (31270 fire px)
wf_sen2fire_0137,WILDFIRE,SEN2FIRE,GROUND_TRUTH,-35.297461,149.836719,2024-03-15T10:30:00Z,,8.0,,,"B02,B03,B04,B08,B11,B12",samples\wf_sen2fire_0137.npz,GOOD,Sen2Fire genuine wildfire: scene2/scene2/scene_2_patch_21_24.npz (21854 fire px)
wf_sen2fire_0138,WILDFIRE,SEN2FIRE,GROUND_TRUTH,-35.301172,149.802734,2024-03-15T10:30:00Z,,8.0,,,"B02,B03,B04,B08,B11,B12",samples\wf_sen2fire_0138.npz,GOOD,Sen2Fire genuine wildfire: scene2/scene2/scene_2_patch_21_25.npz (93884 fire px)
wf_sen2fire_0139,WILDFIRE,SEN2FIRE,GROUND_TRUTH,-35.299805,149.773438,2024-03-15T10:30:00Z,,8.0,,,"B02,B03,B04,B08,B11,B12",samples\wf_sen2fire_0139.npz,GOOD,Sen2Fire genuine wildfire: scene2/scene2/scene_2_patch_21_26.npz (45374 fire px)
wf_sen2fire_0140,WILDFIRE,SEN2FIRE,GROUND_TRUTH,-35.30293,149.791602,2024-03-15T10:30:00Z,,8.0,,,"B02,B03,B04,B08,B11,B12",samples\wf_sen2fire_0140.npz,GOOD,Sen2Fire genuine wildfire: scene2/scene2/scene_2_patch_3_10.npz (163800 fire px)
wf_sen2fire_0141,WILDFIRE,SEN2FIRE,GROUND_TRUTH,-35.306055,149.755078,2024-03-15T10:30:00Z,,8.0,,,"B02,B03,B04,B08,B11,B12",samples\wf_sen2fire_0141.npz,GOOD,Sen2Fire genuine wildfire: scene2/scene2/scene_2_patch_3_11.npz (15529 fire px)
wf_sen2fire_0142,WILDFIRE,SEN2FIRE,GROUND_TRUTH,-35.289844,149.839453,2024-03-15T10:30:00Z,,8.0,,,"B02,B03,B04,B08,B11,B12",samples\wf_sen2fire_0142.npz,GOOD,Sen2Fire genuine wildfire: scene2/scene2/scene_2_patch_3_8.npz (20776 fire px)
wf_sen2fire_0143,WILDFIRE,SEN2FIRE,GROUND_TRUTH,-35.298828,149.809375,2024-03-15T10:30:00Z,,8.0,,,"B02,B03,B04,B08,B11,B12",samples\wf_sen2fire_0143.npz,GOOD,Sen2Fire genuine wildfire: scene2/scene2/scene_2_patch_3_9.npz (154209 fire px)
wf_sen2fire_0144,WILDFIRE,SEN2FIRE,GROUND_TRUTH,-35.314062,149.784375,2024-03-15T10:30:00Z,,8.0,,,"B02,B03,B04,B08,B11,B12",samples\wf_sen2fire_0144.npz,GOOD,Sen2Fire genuine wildfire: scene2/scene2/scene_2_patch_4_10.npz (117803 fire px)
wf_sen2fire_0145,WILDFIRE,SEN2FIRE,GROUND_TRUTH,-35.336133,149.755078,2024-03-15T10:30:00Z,,8.0,,,"B02,B03,B04,B08,B11,B12",samples\wf_sen2fire_0145.npz,GOOD,Sen2Fire genuine wildfire: scene2/scene2/scene_2_patch_4_11.npz (5141 fire px)
wf_sen2fire_0146,WILDFIRE,SEN2FIRE,GROUND_TRUTH,-35.347852,149.839453,2024-03-15T10:30:00Z,,8.0,,,"B02,B03,B04,B08,B11,B12",samples\wf_sen2fire_0146.npz,GOOD,Sen2Fire genuine wildfire: scene2/scene2/scene_2_patch_4_8.npz (2438 fire px)
wf_sen2fire_0147,WILDFIRE,SEN2FIRE,GROUND_TRUTH,-35.314258,149.822461,2024-03-15T10:30:00Z,,8.0,,,"B02,B03,B04,B08,B11,B12",samples\wf_sen2fire_0147.npz,GOOD,Sen2Fire genuine wildfire: scene2/scene2/scene_2_patch_4_9.npz (83662 fire px)
wf_sen2fire_0148,WILDFIRE,SEN2FIRE,GROUND_TRUTH,-35.347266,149.776563,2024-03-15T10:30:00Z,,8.0,,,"B02,B03,B04,B08,B11,B12",samples\wf_sen2fire_0148.npz,GOOD,Sen2Fire genuine wildfire: scene2/scene2/scene_2_patch_5_10.npz (6000 fire px)
wf_sen2fire_0149,WILDFIRE,SEN2FIRE,GROUND_TRUTH,-35.347266,149.841016,2024-03-15T10:30:00Z,,8.0,,,"B02,B03,B04,B08,B11,B12",samples\wf_sen2fire_0149.npz,GOOD,Sen2Fire genuine wildfire: scene2/scene2/scene_2_patch_5_9.npz (2730 fire px)
wf_sen2fire_0150,WILDFIRE,SEN2FIRE,GROUND_TRUTH,-35.304688,149.822266,2024-03-15T10:30:00Z,,8.0,,,"B02,B03,B04,B08,B11,B12",samples\wf_sen2fire_0150.npz,GOOD,Sen2Fire genuine wildfire: scene2/scene2/scene_2_patch_6_3.npz (55272 fire px)
wf_sen2fire_0151,WILDFIRE,SEN2FIRE,GROUND_TRUTH,-35.304688,149.764063,2024-03-15T10:30:00Z,,8.0,,,"B02,B03,B04,B08,B11,B12",samples\wf_sen2fire_0151.npz,GOOD,Sen2Fire genuine wildfire: scene2/scene2/scene_2_patch_6_4.npz (28616 fire px)
wf_sen2fire_0152,WILDFIRE,SEN2FIRE,GROUND_TRUTH,-35.256055,149.816406,2024-03-15T10:30:00Z,,8.0,,,"B02,B03,B04,B08,B11,B12",samples\wf_sen2fire_0152.npz,GOOD,Sen2Fire genuine wildfire: scene2/scene2/scene_2_patch_9_7.npz (18000 fire px)
wf_sen2fire_0153,WILDFIRE,SEN2FIRE,GROUND_TRUTH,-35.256055,149.760352,2024-03-15T10:30:00Z,,8.0,,,"B02,B03,B04,B08,B11,B12",samples\wf_sen2fire_0153.npz,GOOD,Sen2Fire genuine wildfire: scene2/scene2/scene_2_patch_9_8.npz (6420 fire px)
wf_sen2fire_0154,WILDFIRE,SEN2FIRE,GROUND_TRUTH,39.848867,-121.456563,2024-03-15T10:30:00Z,,8.0,,,"B02,B03,B04,B08,B11,B12",samples\wf_sen2fire_0154.npz,GOOD,Sen2Fire genuine wildfire: scene3/scene3/scene_3_patch_1_10.npz (27822 fire px)
wf_sen2fire_0155,WILDFIRE,SEN2FIRE,GROUND_TRUTH,39.849453,-121.394648,2024-03-15T10:30:00Z,,8.0,,,"B02,B03,B04,B08,B11,B12",samples\wf_sen2fire_0155.npz,GOOD,Sen2Fire genuine wildfire: scene3/scene3/scene_3_patch_1_23.npz (16258 fire px)
wf_sen2fire_0156,WILDFIRE,SEN2FIRE,GROUND_TRUTH,39.848281,-121.429609,2024-03-15T10:30:00Z,,8.0,,,"B02,B03,B04,B08,B11,B12",samples\wf_sen2fire_0156.npz,GOOD,Sen2Fire genuine wildfire: scene3/scene3/scene_3_patch_1_24.npz (59730 fire px)
wf_sen2fire_0157,WILDFIRE,SEN2FIRE,GROUND_TRUTH,39.849258,-121.436055,2024-03-15T10:30:00Z,,8.0,,,"B02,B03,B04,B08,B11,B12",samples\wf_sen2fire_0157.npz,GOOD,Sen2Fire genuine wildfire: scene3/scene3/scene_3_patch_1_25.npz (40914 fire px)
wf_sen2fire_0158,WILDFIRE,SEN2FIRE,GROUND_TRUTH,39.850039,-121.461836,2024-03-15T10:30:00Z,,8.0,,,"B02,B03,B04,B08,B11,B12",samples\wf_sen2fire_0158.npz,GOOD,Sen2Fire genuine wildfire: scene3/scene3/scene_3_patch_1_26.npz (14362 fire px)
wf_sen2fire_0159,WILDFIRE,SEN2FIRE,GROUND_TRUTH,39.857852,-121.391914,2024-03-15T10:30:00Z,,8.0,,,"B02,B03,B04,B08,B11,B12",samples\wf_sen2fire_0159.npz,GOOD,Sen2Fire genuine wildfire: scene3/scene3/scene_3_patch_1_8.npz (2420 fire px)
wf_sen2fire_0160,WILDFIRE,SEN2FIRE,GROUND_TRUTH,39.850234,-121.410078,2024-03-15T10:30:00Z,,8.0,,,"B02,B03,B04,B08,B11,B12",samples\wf_sen2fire_0160.npz,GOOD,Sen2Fire genuine wildfire: scene3/scene3/scene_3_patch_1_9.npz (30386 fire px)
wf_sen2fire_0161,WILDFIRE,SEN2FIRE,GROUND_TRUTH,39.804922,-121.461445,2024-03-15T10:30:00Z,,8.0,,,"B02,B03,B04,B08,B11,B12",samples\wf_sen2fire_0161.npz,GOOD,Sen2Fire genuine wildfire: scene3/scene3/scene_3_patch_10_10.npz (56804 fire px)
wf_sen2fire_0162,WILDFIRE,SEN2FIRE,GROUND_TRUTH,39.769375,-121.389766,2024-03-15T10:30:00Z,,8.0,,,"B02,B03,B04,B08,B11,B12",samples\wf_sen2fire_0162.npz,GOOD,Sen2Fire genuine wildfire: scene3/scene3/scene_3_patch_10_2.npz (9185 fire px)
wf_sen2fire_0163,WILDFIRE,SEN2FIRE,GROUND_TRUTH,39.78793,-121.430781,2024-03-15T10:30:00Z,,8.0,,,"B02,B03,B04,B08,B11,B12",samples\wf_sen2fire_0163.npz,GOOD,Sen2Fire genuine wildfire: scene3/scene3/scene_3_patch_10_3.npz (75427 fire px)
wf_sen2fire_0164,WILDFIRE,SEN2FIRE,GROUND_TRUTH,39.786953,-121.389961,2024-03-15T10:30:00Z,,8.0,,,"B02,B03,B04,B08,B11,B12",samples\wf_sen2fire_0164.npz,GOOD,Sen2Fire genuine wildfire: scene3/scene3/scene_3_patch_10_32.npz (9900 fire px)
wf_sen2fire_0165,WILDFIRE,SEN2FIRE,GROUND_TRUTH,39.78207,-121.420039,2024-03-15T10:30:00Z,,8.0,,,"B02,B03,B04,B08,B11,B12",samples\wf_sen2fire_0165.npz,GOOD,Sen2Fire genuine wildfire: scene3/scene3/scene_3_patch_10_33.npz (64470 fire px)
wf_sen2fire_0166,WILDFIRE,SEN2FIRE,GROUND_TRUTH,39.778164,-121.446992,2024-03-15T10:30:00Z,,8.0,,,"B02,B03,B04,B08,B11,B12",samples\wf_sen2fire_0166.npz,GOOD,Sen2Fire genuine wildfire: scene3/scene3/scene_3_patch_10_34.npz (63732 fire px)
wf_sen2fire_0167,WILDFIRE,SEN2FIRE,GROUND_TRUTH,39.796523,-121.476289,2024-03-15T10:30:00Z,,8.0,,,"B02,B03,B04,B08,B11,B12",samples\wf_sen2fire_0167.npz,GOOD,Sen2Fire genuine wildfire: scene3/scene3/scene_3_patch_10_4.npz (7880 fire px)
wf_sen2fire_0168,WILDFIRE,SEN2FIRE,GROUND_TRUTH,39.827188,-121.400508,2024-03-15T10:30:00Z,,8.0,,,"B02,B03,B04,B08,B11,B12",samples\wf_sen2fire_0168.npz,GOOD,Sen2Fire genuine wildfire: scene3/scene3/scene_3_patch_10_6.npz (48757 fire px)
wf_sen2fire_0169,WILDFIRE,SEN2FIRE,GROUND_TRUTH,39.829727,-121.46457,2024-03-15T10:30:00Z,,8.0,,,"B02,B03,B04,B08,B11,B12",samples\wf_sen2fire_0169.npz,GOOD,Sen2Fire genuine wildfire: scene3/scene3/scene_3_patch_10_7.npz (43103 fire px)
wf_sen2fire_0170,WILDFIRE,SEN2FIRE,GROUND_TRUTH,39.813711,-121.400898,2024-03-15T10:30:00Z,,8.0,,,"B02,B03,B04,B08,B11,B12",samples\wf_sen2fire_0170.npz,GOOD,Sen2Fire genuine wildfire: scene3/scene3/scene_3_patch_10_8.npz (45298 fire px)
wf_sen2fire_0171,WILDFIRE,SEN2FIRE,GROUND_TRUTH,39.803359,-121.426289,2024-03-15T10:30:00Z,,8.0,,,"B02,B03,B04,B08,B11,B12",samples\wf_sen2fire_0171.npz,GOOD,Sen2Fire genuine wildfire: scene3/scene3/scene_3_patch_10_9.npz (146997 fire px)
wf_sen2fire_0172,WILDFIRE,SEN2FIRE,GROUND_TRUTH,39.76,-121.458711,2024-03-15T10:30:00Z,,8.0,,,"B02,B03,B04,B08,B11,B12",samples\wf_sen2fire_0172.npz,GOOD,Sen2Fire genuine wildfire: scene3/scene3/scene_3_patch_11_10.npz (219 fire px)
wf_sen2fire_0173,WILDFIRE,SEN2FIRE,GROUND_TRUTH,39.769375,-121.394844,2024-03-15T10:30:00Z,,8.0,,,"B02,B03,B04,B08,B11,B12",samples\wf_sen2fire_0173.npz,GOOD,Sen2Fire genuine wildfire: scene3/scene3/scene_3_patch_11_6.npz (14751 fire px)
wf_sen2fire_0174,WILDFIRE,SEN2FIRE,GROUND_TRUTH,39.76957,-121.462617,2024-03-15T10:30:00Z,,8.0,,,"B02,B03,B04,B08,B11,B12",samples\wf_sen2fire_0174.npz,GOOD,Sen2Fire genuine wildfire: scene3/scene3/scene_3_patch_11_7.npz (17721 fire px)
wf_sen2fire_0175,WILDFIRE,SEN2FIRE,GROUND_TRUTH,39.76,-121.40168,2024-03-15T10:30:00Z,,8.0,,,"B02,B03,B04,B08,B11,B12",samples\wf_sen2fire_0175.npz,GOOD,Sen2Fire genuine wildfire: scene3/scene3/scene_3_patch_11_8.npz (220 fire px)
wf_sen2fire_0176,WILDFIRE,SEN2FIRE,GROUND_TRUTH,39.76,-121.430195,2024-03-15T10:30:00Z,,8.0,,,"B02,B03,B04,B08,B11,B12",samples\wf_sen2fire_0176.npz,GOOD,Sen2Fire genuine wildfire: scene3/scene3/scene_3_patch_11_9.npz (512 fire px)
wf_sen2fire_0177,WILDFIRE,SEN2FIRE,GROUND_TRUTH,39.850234,-121.415742,2024-03-15T10:30:00Z,,8.0,,,"B02,B03,B04,B08,B11,B12",samples\wf_sen2fire_0177.npz,GOOD,Sen2Fire genuine wildfire: scene3/scene3/scene_3_patch_13_27.npz (35770 fire px)
wf_sen2fire_0178,WILDFIRE,SEN2FIRE,GROUND_TRUTH,39.850234,-121.46457,2024-03-15T10:30:00Z,,8.0,,,"B02,B03,B04,B08,B11,B12",samples\wf_sen2fire_0178.npz,GOOD,Sen2Fire genuine wildfire: scene3/scene3/scene_3_patch_13_28.npz (15680 fire px)
wf_sen2fire_0179,WILDFIRE,SEN2FIRE,GROUND_TRUTH,39.808242,-121.393086,2024-03-15T10:30:00Z,,8.0,,,"B02,B03,B04,B08,B11,B12",samples\wf_sen2fire_0179.npz,GOOD,Sen2Fire genuine wildfire: scene3/scene3/scene_3_patch_14_26.npz (33597 fire px)
wf_sen2fire_0180,WILDFIRE,SEN2FIRE,GROUND_TRUTH,39.802188,-121.429609,2024-03-15T10:30:00Z,,8.0,,,"B02,B03,B04,B08,B11,B12",samples\wf_sen2fire_0180.npz,GOOD,Sen2Fire genuine wildfire: scene3/scene3/scene_3_patch_14_27.npz (154917 fire px)
wf_sen2fire_0181,WILDFIRE,SEN2FIRE,GROUND_TRUTH,39.790664,-121.460664,2024-03-15T10:30:00Z,,8.0,,,"B02,B03,B04,B08,B11,B12",samples\wf_sen2fire_0181.npz,GOOD,Sen2Fire genuine wildfire: scene3/scene3/scene_3_patch_14_28.npz (47261 fire px)
wf_sen2fire_0182,WILDFIRE,SEN2FIRE,GROUND_TRUTH,39.804922,-121.454805,2024-03-15T10:30:00Z,,8.0,,,"B02,B03,B04,B08,B11,B12",samples\wf_sen2fire_0182.npz,GOOD,Sen2Fire genuine wildfire: scene3/scene3/scene_3_patch_2_10.npz (111721 fire px)
wf_sen2fire_0183,WILDFIRE,SEN2FIRE,GROUND_TRUTH,39.858828,-121.476875,2024-03-15T10:30:00Z,,8.0,,,"B02,B03,B04,B08,B11,B12",samples\wf_sen2fire_0183.npz,GOOD,Sen2Fire genuine wildfire: scene3/scene3/scene_3_patch_2_11.npz (330 fire px)
wf_sen2fire_0184,WILDFIRE,SEN2FIRE,GROUND_TRUTH,39.83793,-121.420039,2024-03-15T10:30:00Z,,8.0,,,"B02,B03,B04,B08,B11,B12",samples\wf_sen2fire_0184.npz,GOOD,Sen2Fire genuine wildfire: scene3/scene3/scene_3_patch_2_13.npz (54394 fire px)
wf_sen2fire_0185,WILDFIRE,SEN2FIRE,GROUND_TRUTH,39.845742,-121.433906,2024-03-15T10:30:00Z,,8.0,,,"B02,B03,B04,B08,B11,B12",samples\wf_sen2fire_0185.npz,GOOD,Sen2Fire genuine wildfire: scene3/scene3/scene_3_patch_2_14.npz (48211 fire px)
wf_sen2fire_0186,WILDFIRE,SEN2FIRE,GROUND_TRUTH,39.848281,-121.471602,2024-03-15T10:30:00Z,,8.0,,,"B02,B03,B04,B08,B11,B12",samples\wf_sen2fire_0186.npz,GOOD,Sen2Fire genuine wildfire: scene3/scene3/scene_3_patch_2_15.npz (8526 fire px)
wf_sen2fire_0187,WILDFIRE,SEN2FIRE,GROUND_TRUTH,39.800234,-121.398164,2024-03-15T10:30:00Z,,8.0,,,"B02,B03,B04,B08,B11,B12",samples\wf_sen2fire_0187.npz,GOOD,Sen2Fire genuine wildfire: scene3/scene3/scene_3_patch_2_23.npz (67177 fire px)
wf_sen2fire_0188,WILDFIRE,SEN2FIRE,GROUND_TRUTH,39.800039,-121.43,2024-03-15T10:30:00Z,,8.0,,,"B02,B03,B04,B08,B11,B12",samples\wf_sen2fire_0188.npz,GOOD,Sen2Fire genuine wildfire: scene3/scene3/scene_3_patch_2_24.npz (199557 fire px)
wf_sen2fire_0189,WILDFIRE,SEN2FIRE,GROUND_TRUTH,39.794375,-121.440547,2024-03-15T10:30:00Z,,8.0,,,"B02,B03,B04,B08,B11,B12",samples\wf_sen2fire_0189.npz,GOOD,Sen2Fire genuine wildfire: scene3/scene3/scene_3_patch_2_25.npz (124504 fire px)
wf_sen2fire_0190,WILDFIRE,SEN2FIRE,GROUND_TRUTH,39.784805,-121.459297,2024-03-15T10:30:00Z,,8.0,,,"B02,B03,B04,B08,B11,B12",samples\wf_sen2fire_0190.npz,GOOD,Sen2Fire genuine wildfire: scene3/scene3/scene_3_patch_2_26.npz (32769 fire px)
wf_sen2fire_0191,WILDFIRE,SEN2FIRE,GROUND_TRUTH,39.848672,-121.405391,2024-03-15T10:30:00Z,,8.0,,,"B02,B03,B04,B08,B11,B12",samples\wf_sen2fire_0191.npz,GOOD,Sen2Fire genuine wildfire: scene3/scene3/scene_3_patch_2_28.npz (25784 fire px)
wf_sen2fire_0192,WILDFIRE,SEN2FIRE,GROUND_TRUTH,39.840273,-121.425313,2024-03-15T10:30:00Z,,8.0,,,"B02,B03,B04,B08,B11,B12",samples\wf_sen2fire_0192.npz,GOOD,Sen2Fire genuine wildfire: scene3/scene3/scene_3_patch_2_29.npz (79719 fire px)
wf_sen2fire_0193,WILDFIRE,SEN2FIRE,GROUND_TRUTH,39.835195,-121.465156,2024-03-15T10:30:00Z,,8.0,,,"B02,B03,B04,B08,B11,B12",samples\wf_sen2fire_0193.npz,GOOD,Sen2Fire genuine wildfire: scene3/scene3/scene_3_patch_2_30.npz (26940 fire px)
wf_sen2fire_0194,WILDFIRE,SEN2FIRE,GROUND_TRUTH,39.804141,-121.388594,2024-03-15T10:30:00Z,,8.0,,,"B02,B03,B04,B08,B11,B12",samples\wf_sen2fire_0194.npz,GOOD,Sen2Fire genuine wildfire: scene3/scene3/scene_3_patch_2_8.npz (18469 fire px)
wf_sen2fire_0195,WILDFIRE,SEN2FIRE,GROUND_TRUTH,39.81332,-121.42043,2024-03-15T10:30:00Z,,8.0,,,"B02,B03,B04,B08,B11,B12",samples\wf_sen2fire_0195.npz,GOOD,Sen2Fire genuine wildfire: scene3/scene3/scene_3_patch_2_9.npz (191338 fire px)
wf_sen2fire_0196,WILDFIRE,SEN2FIRE,GROUND_TRUTH,39.791445,-121.450703,2024-03-15T10:30:00Z,,8.0,,,"B02,B03,B04,B08,B11,B12",samples\wf_sen2fire_0196.npz,GOOD,Sen2Fire genuine wildfire: scene3/scene3/scene_3_patch_3_10.npz (66987 fire px)
wf_sen2fire_0197,WILDFIRE,SEN2FIRE,GROUND_TRUTH,39.792617,-121.476875,2024-03-15T10:30:00Z,,8.0,,,"B02,B03,B04,B08,B11,B12",samples\wf_sen2fire_0197.npz,GOOD,Sen2Fire genuine wildfire: scene3/scene3/scene_3_patch_3_11.npz (3267 fire px)
wf_sen2fire_0198,WILDFIRE,SEN2FIRE,GROUND_TRUTH,39.771133,-121.420039,2024-03-15T10:30:00Z,,8.0,,,"B02,B03,B04,B08,B11,B12",samples\wf_sen2fire_0198.npz,GOOD,Sen2Fire genuine wildfire: scene3/scene3/scene_3_patch_3_13.npz (30852 fire px)
wf_sen2fire_0199,WILDFIRE,SEN2FIRE,GROUND_TRUTH,39.779336,-121.428242,2024-03-15T10:30:00Z,,8.0,,,"B02,B03,B04,B08,B11,B12",samples\wf_sen2fire_0199.npz,GOOD,Sen2Fire genuine wildfire: scene3/scene3/scene_3_patch_3_14.npz (60066 fire px)
wf_sen2fire_0200,WILDFIRE,SEN2FIRE,GROUND_TRUTH,39.773281,-121.471602,2024-03-15T10:30:00Z,,8.0,,,"B02,B03,B04,B08,B11,B12",samples\wf_sen2fire_0200.npz,GOOD,Sen2Fire genuine wildfire: scene3/scene3/scene_3_patch_3_15.npz (8526 fire px)
wf_sen2fire_0201,WILDFIRE,SEN2FIRE,GROUND_TRUTH,39.761758,-121.391914,2024-03-15T10:30:00Z,,8.0,,,"B02,B03,B04,B08,B11,B12",samples\wf_sen2fire_0201.npz,GOOD,Sen2Fire genuine wildfire: scene3/scene3/scene_3_patch_3_23.npz (2420 fire px)
wf_sen2fire_0202,WILDFIRE,SEN2FIRE,GROUND_TRUTH,39.761758,-121.430195,2024-03-15T10:30:00Z,,8.0,,,"B02,B03,B04,B08,B11,B12",samples\wf_sen2fire_0202.npz,GOOD,Sen2Fire genuine wildfire: scene3/scene3/scene_3_patch_3_24.npz (9940 fire px)
wf_sen2fire_0203,WILDFIRE,SEN2FIRE,GROUND_TRUTH,39.761758,-121.468477,2024-03-15T10:30:00Z,,8.0,,,"B02,B03,B04,B08,B11,B12",samples\wf_sen2fire_0203.npz,GOOD,Sen2Fire genuine wildfire: scene3/scene3/scene_3_patch_3_25.npz (2400 fire px)
wf_sen2fire_0204,WILDFIRE,SEN2FIRE,GROUND_TRUTH,39.77875,-121.409102,2024-03-15T10:30:00Z,,8.0,,,"B02,B03,B04,B08,B11,B12",samples\wf_sen2fire_0204.npz,GOOD,Sen2Fire genuine wildfire: scene3/scene3/scene_3_patch_3_28.npz (34595 fire px)
wf_sen2fire_0205,WILDFIRE,SEN2FIRE,GROUND_TRUTH,39.771719,-121.431563,2024-03-15T10:30:00Z,,8.0,,,"B02,B03,B04,B08,B11,B12",samples\wf_sen2fire_0205.npz,GOOD,Sen2Fire genuine wildfire: scene3/scene3/scene_3_patch_3_29.npz (52938 fire px)
wf_sen2fire_0206,WILDFIRE,SEN2FIRE,GROUND_TRUTH,39.769766,-121.468672,2024-03-15T10:30:00Z,,8.0,,,"B02,B03,B04,B08,B11,B12",samples\wf_sen2fire_0206.npz,GOOD,Sen2Fire genuine wildfire: scene3/scene3/scene_3_patch_3_30.npz (12246 fire px)
wf_sen2fire_0207,WILDFIRE,SEN2FIRE,GROUND_TRUTH,39.811758,-121.389961,2024-03-15T10:30:00Z,,8.0,,,"B02,B03,B04,B08,B11,B12",samples\wf_sen2fire_0207.npz,GOOD,Sen2Fire genuine wildfire: scene3/scene3/scene_3_patch_3_32.npz (9800 fire px)
wf_sen2fire_0208,WILDFIRE,SEN2FIRE,GROUND_TRUTH,39.815078,-121.427266,2024-03-15T10:30:00Z,,8.0,,,"B02,B03,B04,B08,B11,B12",samples\wf_sen2fire_0208.npz,GOOD,Sen2Fire genuine wildfire: scene3/scene3/scene_3_patch_3_33.npz (57332 fire px)
wf_sen2fire_0209,WILDFIRE,SEN2FIRE,GROUND_TRUTH,39.811758,-121.466523,2024-03-15T10:30:00Z,,8.0,,,"B02,B03,B04,B08,B11,B12",samples\wf_sen2fire_0209.npz,GOOD,Sen2Fire genuine wildfire: scene3/scene3/scene_3_patch_3_34.npz (13720 fire px)
wf_sen2fire_0210,WILDFIRE,SEN2FIRE,GROUND_TRUTH,39.771328,-121.382344,2024-03-15T10:30:00Z,,8.0,,,"B02,B03,B04,B08,B11,B12",samples\wf_sen2fire_0210.npz,GOOD,Sen2Fire genuine wildfire: scene3/scene3/scene_3_patch_3_8.npz (2596 fire px)
wf_sen2fire_0211,WILDFIRE,SEN2FIRE,GROUND_TRUTH,39.788516,-121.414961,2024-03-15T10:30:00Z,,8.0,,,"B02,B03,B04,B08,B11,B12",samples\wf_sen2fire_0211.npz,GOOD,Sen2Fire genuine wildfire: scene3/scene3/scene_3_patch_3_9.npz (106246 fire px)
wf_sen2fire_0212,WILDFIRE,SEN2FIRE,GROUND_TRUTH,39.835977,-121.413398,2024-03-15T10:30:00Z,,8.0,,,"B02,B03,B04,B08,B11,B12",samples\wf_sen2fire_0212.npz,GOOD,Sen2Fire genuine wildfire: scene3/scene3/scene_3_patch_4_11.npz (88611 fire px)
wf_sen2fire_0213,WILDFIRE,SEN2FIRE,GROUND_TRUTH,39.826211,-121.426484,2024-03-15T10:30:00Z,,8.0,,,"B02,B03,B04,B08,B11,B12",samples\wf_sen2fire_0213.npz,GOOD,Sen2Fire genuine wildfire: scene3/scene3/scene_3_patch_4_12.npz (172353 fire px)
wf_sen2fire_0214,WILDFIRE,SEN2FIRE,GROUND_TRUTH,39.820156,-121.449922,2024-03-15T10:30:00Z,,8.0,,,"B02,B03,B04,B08,B11,B12",samples\wf_sen2fire_0214.npz,GOOD,Sen2Fire genuine wildfire: scene3/scene3/scene_3_patch_4_13.npz (110159 fire px)
wf_sen2fire_0215,WILDFIRE,SEN2FIRE,GROUND_TRUTH,39.762734,-121.426289,2024-03-15T10:30:00Z,,8.0,,,"B02,B03,B04,B08,B11,B12",samples\wf_sen2fire_0215.npz,GOOD,Sen2Fire genuine wildfire: scene3/scene3/scene_3_patch_4_33.npz (3000 fire px)
wf_sen2fire_0216,WILDFIRE,SEN2FIRE,GROUND_TRUTH,39.851211,-121.406758,2024-03-15T10:30:00Z,,8.0,,,"B02,B03,B04,B08,B11,B12",samples\wf_sen2fire_0216.npz,GOOD,Sen2Fire genuine wildfire: scene3/scene3/scene_3_patch_4_34.npz (24024 fire px)
wf_sen2fire_0217,WILDFIRE,SEN2FIRE,GROUND_TRUTH,39.851211,-121.44582,2024-03-15T10:30:00Z,,8.0,,,"B02,B03,B04,B08,B11,B12",samples\wf_sen2fire_0217.npz,GOOD,Sen2Fire genuine wildfire: scene3/scene3/scene_3_patch_4_35.npz (30976 fire px)
wf_sen2fire_0218,WILDFIRE,SEN2FIRE,GROUND_TRUTH,39.781289,-121.413789,2024-03-15T10:30:00Z,,8.0,,,"B02,B03,B04,B08,B11,B12",samples\wf_sen2fire_0218.npz,GOOD,Sen2Fire genuine wildfire: scene3/scene3/scene_3_patch_5_11.npz (80022 fire px)
wf_sen2fire_0219,WILDFIRE,SEN2FIRE,GROUND_TRUTH,39.78207,-121.432734,2024-03-15T10:30:00Z,,8.0,,,"B02,B03,B04,B08,B11,B12",samples\wf_sen2fire_0219.npz,GOOD,Sen2Fire genuine wildfire: scene3/scene3/scene_3_patch_5_12.npz (114612 fire px)
wf_sen2fire_0220,WILDFIRE,SEN2FIRE,GROUND_TRUTH,39.775039,-121.458516,2024-03-15T10:30:00Z,,8.0,,,"B02,B03,B04,B08,B11,B12",samples\wf_sen2fire_0220.npz,GOOD,Sen2Fire genuine wildfire: scene3/scene3/scene_3_patch_5_13.npz (35842 fire px)
wf_sen2fire_0221,WILDFIRE,SEN2FIRE,GROUND_TRUTH,39.806094,-121.388594,2024-03-15T10:30:00Z,,8.0,,,"B02,B03,B04,B08,B11,B12",samples\wf_sen2fire_0221.npz,GOOD,Sen2Fire genuine wildfire: scene3/scene3/scene_3_patch_5_33.npz (17139 fire px)
wf_sen2fire_0222,WILDFIRE,SEN2FIRE,GROUND_TRUTH,39.807852,-121.420625,2024-03-15T10:30:00Z,,8.0,,,"B02,B03,B04,B08,B11,B12",samples\wf_sen2fire_0222.npz,GOOD,Sen2Fire genuine wildfire: scene3/scene3/scene_3_patch_5_34.npz (155997 fire px)
wf_sen2fire_0223,WILDFIRE,SEN2FIRE,GROUND_TRUTH,39.815078,-121.441133,2024-03-15T10:30:00Z,,8.0,,,"B02,B03,B04,B08,B11,B12",samples\wf_sen2fire_0223.npz,GOOD,Sen2Fire genuine wildfire: scene3/scene3/scene_3_patch_5_35.npz (161779 fire px)
wf_sen2fire_0224,WILDFIRE,SEN2FIRE,GROUND_TRUTH,39.842617,-121.473555,2024-03-15T10:30:00Z,,8.0,,,"B02,B03,B04,B08,B11,B12",samples\wf_sen2fire_0224.npz,GOOD,Sen2Fire genuine wildfire: scene3/scene3/scene_3_patch_5_36.npz (11859 fire px)
wf_sen2fire_0225,WILDFIRE,SEN2FIRE,GROUND_TRUTH,39.853164,-121.425703,2024-03-15T10:30:00Z,,8.0,,,"B02,B03,B04,B08,B11,B12",samples\wf_sen2fire_0225.npz,GOOD,Sen2Fire genuine wildfire: scene3/scene3/scene_3_patch_6_22.npz (13731 fire px)
wf_sen2fire_0226,WILDFIRE,SEN2FIRE,GROUND_TRUTH,39.764688,-121.416523,2024-03-15T10:30:00Z,,8.0,,,"B02,B03,B04,B08,B11,B12",samples\wf_sen2fire_0226.npz,GOOD,Sen2Fire genuine wildfire: scene3/scene3/scene_3_patch_6_34.npz (18228 fire px)
wf_sen2fire_0227,WILDFIRE,SEN2FIRE,GROUND_TRUTH,39.78207,-121.425313,2024-03-15T10:30:00Z,,8.0,,,"B02,B03,B04,B08,B11,B12",samples\wf_sen2fire_0227.npz,GOOD,Sen2Fire genuine wildfire: scene3/scene3/scene_3_patch_6_35.npz (80805 fire px)
wf_sen2fire_0228,WILDFIRE,SEN2FIRE,GROUND_TRUTH,39.783828,-121.473555,2024-03-15T10:30:00Z,,8.0,,,"B02,B03,B04,B08,B11,B12",samples\wf_sen2fire_0228.npz,GOOD,Sen2Fire genuine wildfire: scene3/scene3/scene_3_patch_6_36.npz (16482 fire px)
wf_sen2fire_0229,WILDFIRE,SEN2FIRE,GROUND_TRUTH,39.820937,-121.401289,2024-03-15T10:30:00Z,,8.0,,,"B02,B03,B04,B08,B11,B12",samples\wf_sen2fire_0229.npz,GOOD,Sen2Fire genuine wildfire: scene3/scene3/scene_3_patch_7_21.npz (65601 fire px)
wf_sen2fire_0230,WILDFIRE,SEN2FIRE,GROUND_TRUTH,39.815859,-121.434688,2024-03-15T10:30:00Z,,8.0,,,"B02,B03,B04,B08,B11,B12",samples\wf_sen2fire_0230.npz,GOOD,Sen2Fire genuine wildfire: scene3/scene3/scene_3_patch_7_22.npz (165885 fire px)
wf_sen2fire_0231,WILDFIRE,SEN2FIRE,GROUND_TRUTH,39.806484,-121.46457,2024-03-15T10:30:00Z,,8.0,,,"B02,B03,B04,B08,B11,B12",samples\wf_sen2fire_0231.npz,GOOD,Sen2Fire genuine wildfire: scene3/scene3/scene_3_patch_7_23.npz (28121 fire px)
wf_sen2fire_0232,WILDFIRE,SEN2FIRE,GROUND_TRUTH,39.854141,-121.408125,2024-03-15T10:30:00Z,,8.0,,,"B02,B03,B04,B08,B11,B12",samples\wf_sen2fire_0232.npz,GOOD,Sen2Fire genuine wildfire: scene3/scene3/scene_3_patch_7_3.npz (16933 fire px)
wf_sen2fire_0233,WILDFIRE,SEN2FIRE,GROUND_TRUTH,39.854141,-121.447188,2024-03-15T10:30:00Z,,8.0,,,"B02,B03,B04,B08,B11,B12",samples\wf_sen2fire_0233.npz,GOOD,Sen2Fire genuine wildfire: scene3/scene3/scene_3_patch_7_4.npz (19942 fire px)
wf_sen2fire_0234,WILDFIRE,SEN2FIRE,GROUND_TRUTH,39.816641,-121.394844,2024-03-15T10:30:00Z,,8.0,,,"B02,B03,B04,B08,B11,B12",samples\wf_sen2fire_0234.npz,GOOD,Sen2Fire genuine wildfire: scene3/scene3/scene_3_patch_8_2.npz (39595 fire px)
wf_sen2fire_0235,WILDFIRE,SEN2FIRE,GROUND_TRUTH,39.770156,-121.399922,2024-03-15T10:30:00Z,,8.0,,,"B02,B03,B04,B08,B11,B12",samples\wf_sen2fire_0235.npz,GOOD,Sen2Fire genuine wildfire: scene3/scene3/scene_3_patch_8_21.npz (21726 fire px)
wf_sen2fire_0236,WILDFIRE,SEN2FIRE,GROUND_TRUTH,39.773672,-121.444063,2024-03-15T10:30:00Z,,8.0,,,"B02,B03,B04,B08,B11,B12",samples\wf_sen2fire_0236.npz,GOOD,Sen2Fire genuine wildfire: scene3/scene3/scene_3_patch_8_22.npz (45783 fire px)
wf_sen2fire_0237,WILDFIRE,SEN2FIRE,GROUND_TRUTH,39.812344,-121.430586,2024-03-15T10:30:00Z,,8.0,,,"B02,B03,B04,B08,B11,B12",samples\wf_sen2fire_0237.npz,GOOD,Sen2Fire genuine wildfire: scene3/scene3/scene_3_patch_8_3.npz (147184 fire px)
wf_sen2fire_0238,WILDFIRE,SEN2FIRE,GROUND_TRUTH,39.794766,-121.454609,2024-03-15T10:30:00Z,,8.0,,,"B02,B03,B04,B08,B11,B12",samples\wf_sen2fire_0238.npz,GOOD,Sen2Fire genuine wildfire: scene3/scene3/scene_3_patch_8_4.npz (51143 fire px)
wf_sen2fire_0239,WILDFIRE,SEN2FIRE,GROUND_TRUTH,39.834805,-121.466719,2024-03-15T10:30:00Z,,8.0,,,"B02,B03,B04,B08,B11,B12",samples\wf_sen2fire_0239.npz,GOOD,Sen2Fire genuine wildfire: scene3/scene3/scene_3_patch_9_10.npz (24242 fire px)
wf_sen2fire_0240,WILDFIRE,SEN2FIRE,GROUND_TRUTH,39.812734,-121.405,2024-03-15T10:30:00Z,,8.0,,,"B02,B03,B04,B08,B11,B12",samples\wf_sen2fire_0240.npz,GOOD,Sen2Fire genuine wildfire: scene3/scene3/scene_3_patch_9_2.npz (76781 fire px)
wf_sen2fire_0241,WILDFIRE,SEN2FIRE,GROUND_TRUTH,39.817031,-121.443672,2024-03-15T10:30:00Z,,8.0,,,"B02,B03,B04,B08,B11,B12",samples\wf_sen2fire_0241.npz,GOOD,Sen2Fire genuine wildfire: scene3/scene3/scene_3_patch_9_3.npz (114831 fire px)
wf_sen2fire_0242,WILDFIRE,SEN2FIRE,GROUND_TRUTH,39.856094,-121.389961,2024-03-15T10:30:00Z,,8.0,,,"B02,B03,B04,B08,B11,B12",samples\wf_sen2fire_0242.npz,GOOD,Sen2Fire genuine wildfire: scene3/scene3/scene_3_patch_9_32.npz (3900 fire px)
wf_sen2fire_0243,WILDFIRE,SEN2FIRE,GROUND_TRUTH,39.849453,-121.413203,2024-03-15T10:30:00Z,,8.0,,,"B02,B03,B04,B08,B11,B12",samples\wf_sen2fire_0243.npz,GOOD,Sen2Fire genuine wildfire: scene3/scene3/scene_3_patch_9_33.npz (37104 fire px)
wf_sen2fire_0244,WILDFIRE,SEN2FIRE,GROUND_TRUTH,39.846523,-121.446992,2024-03-15T10:30:00Z,,8.0,,,"B02,B03,B04,B08,B11,B12",samples\wf_sen2fire_0244.npz,GOOD,Sen2Fire genuine wildfire: scene3/scene3/scene_3_patch_9_34.npz (46443 fire px)
wf_sen2fire_0245,WILDFIRE,SEN2FIRE,GROUND_TRUTH,39.832656,-121.476289,2024-03-15T10:30:00Z,,8.0,,,"B02,B03,B04,B08,B11,B12",samples\wf_sen2fire_0245.npz,GOOD,Sen2Fire genuine wildfire: scene3/scene3/scene_3_patch_9_4.npz (5520 fire px)
wf_sen2fire_0246,WILDFIRE,SEN2FIRE,GROUND_TRUTH,39.823477,-121.382344,2024-03-15T10:30:00Z,,8.0,,,"B02,B03,B04,B08,B11,B12",samples\wf_sen2fire_0246.npz,GOOD,Sen2Fire genuine wildfire: scene3/scene3/scene_3_patch_9_8.npz (4312 fire px)
wf_sen2fire_0247,WILDFIRE,SEN2FIRE,GROUND_TRUTH,39.826211,-121.421992,2024-03-15T10:30:00Z,,8.0,,,"B02,B03,B04,B08,B11,B12",samples\wf_sen2fire_0247.npz,GOOD,Sen2Fire genuine wildfire: scene3/scene3/scene_3_patch_9_9.npz (95884 fire px)
wf_sen2fire_0248,WILDFIRE,SEN2FIRE,GROUND_TRUTH,36.218242,27.949492,2024-03-15T10:30:00Z,,8.0,,,"B02,B03,B04,B08,B11,B12",samples\wf_sen2fire_0248.npz,GOOD,Sen2Fire genuine wildfire: scene4/scene4/scene_4_patch_1_22.npz (3344 fire px)
wf_sen2fire_0249,WILDFIRE,SEN2FIRE,GROUND_TRUTH,36.218242,27.891094,2024-03-15T10:30:00Z,,8.0,,,"B02,B03,B04,B08,B11,B12",samples\wf_sen2fire_0249.npz,GOOD,Sen2Fire genuine wildfire: scene4/scene4/scene_4_patch_1_23.npz (3488 fire px)
wf_sen2fire_0250,WILDFIRE,SEN2FIRE,GROUND_TRUTH,36.138164,27.947148,2024-03-15T10:30:00Z,,8.0,,,"B02,B03,B04,B08,B11,B12",samples\wf_sen2fire_0250.npz,GOOD,Sen2Fire genuine wildfire: scene4/scene4/scene_4_patch_10_11.npz (46648 fire px)
wf_sen2fire_0251,WILDFIRE,SEN2FIRE,GROUND_TRUTH,36.138555,27.891094,2024-03-15T10:30:00Z,,8.0,,,"B02,B03,B04,B08,B11,B12",samples\wf_sen2fire_0251.npz,GOOD,Sen2Fire genuine wildfire: scene4/scene4/scene_4_patch_10_12.npz (43350 fire px)
wf_sen2fire_0252,WILDFIRE,SEN2FIRE,GROUND_TRUTH,36.192266,27.94168,2024-03-15T10:30:00Z,,8.0,,,"B02,B03,B04,B08,B11,B12",samples\wf_sen2fire_0252.npz,GOOD,Sen2Fire genuine wildfire: scene4/scene4/scene_4_patch_13_11.npz (80285 fire px)
wf_sen2fire_0253,WILDFIRE,SEN2FIRE,GROUND_TRUTH,36.197539,27.91043,2024-03-15T10:30:00Z,,8.0,,,"B02,B03,B04,B08,B11,B12",samples\wf_sen2fire_0253.npz,GOOD,Sen2Fire genuine wildfire: scene4/scene4/scene_4_patch_13_12.npz (95650 fire px)
wf_sen2fire_0254,WILDFIRE,SEN2FIRE,GROUND_TRUTH,36.204766,27.910625,2024-03-15T10:30:00Z,,8.0,,,"B02,B03,B04,B08,B11,B12",samples\wf_sen2fire_0254.npz,GOOD,Sen2Fire genuine wildfire: scene4/scene4/scene_4_patch_13_13.npz (67508 fire px)
wf_sen2fire_0255,WILDFIRE,SEN2FIRE,GROUND_TRUTH,36.213555,27.878398,2024-03-15T10:30:00Z,,8.0,,,"B02,B03,B04,B08,B11,B12",samples\wf_sen2fire_0255.npz,GOOD,Sen2Fire genuine wildfire: scene4/scene4/scene_4_patch_13_14.npz (5720 fire px)
wf_sen2fire_0256,WILDFIRE,SEN2FIRE,GROUND_TRUTH,36.214727,27.958672,2024-03-15T10:30:00Z,,8.0,,,"B02,B03,B04,B08,B11,B12",samples\wf_sen2fire_0256.npz,GOOD,Sen2Fire genuine wildfire: scene4/scene4/scene_4_patch_14_1.npz (6042 fire px)
wf_sen2fire_0257,WILDFIRE,SEN2FIRE,GROUND_TRUTH,36.134453,27.939141,2024-03-15T10:30:00Z,,8.0,,,"B02,B03,B04,B08,B11,B12",samples\wf_sen2fire_0257.npz,GOOD,Sen2Fire genuine wildfire: scene4/scene4/scene_4_patch_14_11.npz (49716 fire px)
wf_sen2fire_0258,WILDFIRE,SEN2FIRE,GROUND_TRUTH,36.144219,27.924102,2024-03-15T10:30:00Z,,8.0,,,"B02,B03,B04,B08,B11,B12",samples\wf_sen2fire_0258.npz,GOOD,Sen2Fire genuine wildfire: scene4/scene4/scene_4_patch_14_12.npz (111591 fire px)
wf_sen2fire_0259,WILDFIRE,SEN2FIRE,GROUND_TRUTH,36.145,27.91043,2024-03-15T10:30:00Z,,8.0,,,"B02,B03,B04,B08,B11,B12",samples\wf_sen2fire_0259.npz,GOOD,Sen2Fire genuine wildfire: scene4/scene4/scene_4_patch_14_13.npz (106992 fire px)
wf_sen2fire_0260,WILDFIRE,SEN2FIRE,GROUND_TRUTH,36.141875,27.878398,2024-03-15T10:30:00Z,,8.0,,,"B02,B03,B04,B08,B11,B12",samples\wf_sen2fire_0260.npz,GOOD,Sen2Fire genuine wildfire: scene4/scene4/scene_4_patch_14_14.npz (8712 fire px)
wf_sen2fire_0261,WILDFIRE,SEN2FIRE,GROUND_TRUTH,36.214727,27.921172,2024-03-15T10:30:00Z,,8.0,,,"B02,B03,B04,B08,B11,B12",samples\wf_sen2fire_0261.npz,GOOD,Sen2Fire genuine wildfire: scene4/scene4/scene_4_patch_14_2.npz (26394 fire px)
wf_sen2fire_0262,WILDFIRE,SEN2FIRE,GROUND_TRUTH,36.214727,27.911016,2024-03-15T10:30:00Z,,8.0,,,"B02,B03,B04,B08,B11,B12",samples\wf_sen2fire_0262.npz,GOOD,Sen2Fire genuine wildfire: scene4/scene4/scene_4_patch_14_3.npz (16589 fire px)
wf_sen2fire_0263,WILDFIRE,SEN2FIRE,GROUND_TRUTH,36.214727,27.924102,2024-03-15T10:30:00Z,,8.0,,,"B02,B03,B04,B08,B11,B12",samples\wf_sen2fire_0263.npz,GOOD,Sen2Fire genuine wildfire: scene4/scene4/scene_4_patch_14_4.npz (24857 fire px)
wf_sen2fire_0264,WILDFIRE,SEN2FIRE,GROUND_TRUTH,36.205547,27.92,2024-03-15T10:30:00Z,,8.0,,,"B02,B03,B04,B08,B11,B12",samples\wf_sen2fire_0264.npz,GOOD,Sen2Fire genuine wildfire: scene4/scene4/scene_4_patch_14_5.npz (48522 fire px)
wf_sen2fire_0265,WILDFIRE,SEN2FIRE,GROUND_TRUTH,36.199883,27.876836,2024-03-15T10:30:00Z,,8.0,,,"B02,B03,B04,B08,B11,B12",samples\wf_sen2fire_0265.npz,GOOD,Sen2Fire genuine wildfire: scene4/scene4/scene_4_patch_14_6.npz (7128 fire px)
wf_sen2fire_0266,WILDFIRE,SEN2FIRE,GROUND_TRUTH,36.15418,27.96082,2024-03-15T10:30:00Z,,8.0,,,"B02,B03,B04,B08,B11,B12",samples\wf_sen2fire_0266.npz,GOOD,Sen2Fire genuine wildfire: scene4/scene4/scene_4_patch_15_1.npz (14732 fire px)
wf_sen2fire_0267,WILDFIRE,SEN2FIRE,GROUND_TRUTH,36.174883,27.929766,2024-03-15T10:30:00Z,,8.0,,,"B02,B03,B04,B08,B11,B12",samples\wf_sen2fire_0267.npz,GOOD,Sen2Fire genuine wildfire: scene4/scene4/scene_4_patch_15_2.npz (174026 fire px)
wf_sen2fire_0268,WILDFIRE,SEN2FIRE,GROUND_TRUTH,36.180352,27.918438,2024-03-15T10:30:00Z,,8.0,,,"B02,B03,B04,B08,B11,B12",samples\wf_sen2fire_0268.npz,GOOD,Sen2Fire genuine wildfire: scene4/scene4/scene_4_patch_15_3.npz (203844 fire px)
wf_sen2fire_0269,WILDFIRE,SEN2FIRE,GROUND_TRUTH,36.177813,27.920781,2024-03-15T10:30:00Z,,8.0,,,"B02,B03,B04,B08,B11,B12",samples\wf_sen2fire_0269.npz,GOOD,Sen2Fire genuine wildfire: scene4/scene4/scene_4_patch_15_4.npz (219444 fire px)
wf_sen2fire_0270,WILDFIRE,SEN2FIRE,GROUND_TRUTH,36.175078,27.914531,2024-03-15T10:30:00Z,,8.0,,,"B02,B03,B04,B08,B11,B12",samples\wf_sen2fire_0270.npz,GOOD,Sen2Fire genuine wildfire: scene4/scene4/scene_4_patch_15_5.npz (209780 fire px)
wf_sen2fire_0271,WILDFIRE,SEN2FIRE,GROUND_TRUTH,36.189922,27.883281,2024-03-15T10:30:00Z,,8.0,,,"B02,B03,B04,B08,B11,B12",samples\wf_sen2fire_0271.npz,GOOD,Sen2Fire genuine wildfire: scene4/scene4/scene_4_patch_15_6.npz (36436 fire px)
wf_sen2fire_0272,WILDFIRE,SEN2FIRE,GROUND_TRUTH,36.16082,27.96043,2024-03-15T10:30:00Z,,8.0,,,"B02,B03,B04,B08,B11,B12",samples\wf_sen2fire_0272.npz,GOOD,Sen2Fire genuine wildfire: scene4/scene4/scene_4_patch_16_1.npz (13904 fire px)
wf_sen2fire_0273,WILDFIRE,SEN2FIRE,GROUND_TRUTH,36.149102,27.927031,2024-03-15T10:30:00Z,,8.0,,,"B02,B03,B04,B08,B11,B12",samples\wf_sen2fire_0273.npz,GOOD,Sen2Fire genuine wildfire: scene4/scene4/scene_4_patch_16_2.npz (123728 fire px)
wf_sen2fire_0274,WILDFIRE,SEN2FIRE,GROUND_TRUTH,36.152227,27.922148,2024-03-15T10:30:00Z,,8.0,,,"B02,B03,B04,B08,B11,B12",samples\wf_sen2fire_0274.npz,GOOD,Sen2Fire genuine wildfire: scene4/scene4/scene_4_patch_16_3.npz (154847 fire px)
wf_sen2fire_0275,WILDFIRE,SEN2FIRE,GROUND_TRUTH,36.15457,27.917656,2024-03-15T10:30:00Z,,8.0,,,"B02,B03,B04,B08,B11,B12",samples\wf_sen2fire_0275.npz,GOOD,Sen2Fire genuine wildfire: scene4/scene4/scene_4_patch_16_4.npz (176033 fire px)
wf_sen2fire_0276,WILDFIRE,SEN2FIRE,GROUND_TRUTH,36.147734,27.919805,2024-03-15T10:30:00Z,,8.0,,,"B02,B03,B04,B08,B11,B12",samples\wf_sen2fire_0276.npz,GOOD,Sen2Fire genuine wildfire: scene4/scene4/scene_4_patch_16_5.npz (146432 fire px)
wf_sen2fire_0277,WILDFIRE,SEN2FIRE,GROUND_TRUTH,36.147734,27.886602,2024-03-15T10:30:00Z,,8.0,,,"B02,B03,B04,B08,B11,B12",samples\wf_sen2fire_0277.npz,GOOD,Sen2Fire genuine wildfire: scene4/scene4/scene_4_patch_16_6.npz (49192 fire px)
wf_sen2fire_0278,WILDFIRE,SEN2FIRE,GROUND_TRUTH,36.12,27.94207,2024-03-15T10:30:00Z,,8.0,,,"B02,B03,B04,B08,B11,B12",samples\wf_sen2fire_0278.npz,GOOD,Sen2Fire genuine wildfire: scene4/scene4/scene_4_patch_17_3.npz (284 fire px)
wf_sen2fire_0279,WILDFIRE,SEN2FIRE,GROUND_TRUTH,36.12,27.903203,2024-03-15T10:30:00Z,,8.0,,,"B02,B03,B04,B08,B11,B12",samples\wf_sen2fire_0279.npz,GOOD,Sen2Fire genuine wildfire: scene4/scene4/scene_4_patch_17_4.npz (342 fire px)
wf_sen2fire_0280,WILDFIRE,SEN2FIRE,GROUND_TRUTH,36.219609,27.963164,2024-03-15T10:30:00Z,,8.0,,,"B02,B03,B04,B08,B11,B12",samples\wf_sen2fire_0280.npz,GOOD,Sen2Fire genuine wildfire: scene4/scene4/scene_4_patch_18_11.npz (207 fire px)
wf_sen2fire_0281,WILDFIRE,SEN2FIRE,GROUND_TRUTH,36.196758,27.955352,2024-03-15T10:30:00Z,,8.0,,,"B02,B03,B04,B08,B11,B12",samples\wf_sen2fire_0281.npz,GOOD,Sen2Fire genuine wildfire: scene4/scene4/scene_4_patch_18_12.npz (21951 fire px)
wf_sen2fire_0282,WILDFIRE,SEN2FIRE,GROUND_TRUTH,36.199102,27.921172,2024-03-15T10:30:00Z,,8.0,,,"B02,B03,B04,B08,B11,B12",samples\wf_sen2fire_0282.npz,GOOD,Sen2Fire genuine wildfire: scene4/scene4/scene_4_patch_18_13.npz (91626 fire px)
wf_sen2fire_0283,WILDFIRE,SEN2FIRE,GROUND_TRUTH,36.197148,27.88543,2024-03-15T10:30:00Z,,8.0,,,"B02,B03,B04,B08,B11,B12",samples\wf_sen2fire_0283.npz,GOOD,Sen2Fire genuine wildfire: scene4/scene4/scene_4_patch_18_14.npz (28185 fire px)
wf_sen2fire_0284,WILDFIRE,SEN2FIRE,GROUND_TRUTH,36.163555,27.963164,2024-03-15T10:30:00Z,,8.0,,,"B02,B03,B04,B08,B11,B12",samples\wf_sen2fire_0284.npz,GOOD,Sen2Fire genuine wildfire: scene4/scene4/scene_4_patch_19_11.npz (13662 fire px)
wf_sen2fire_0285,WILDFIRE,SEN2FIRE,GROUND_TRUTH,36.175859,27.930547,2024-03-15T10:30:00Z,,8.0,,,"B02,B03,B04,B08,B11,B12",samples\wf_sen2fire_0285.npz,GOOD,Sen2Fire genuine wildfire: scene4/scene4/scene_4_patch_19_12.npz (160955 fire px)
wf_sen2fire_0286,WILDFIRE,SEN2FIRE,GROUND_TRUTH,36.17,27.921367,2024-03-15T10:30:00Z,,8.0,,,"B02,B03,B04,B08,B11,B12",samples\wf_sen2fire_0286.npz,GOOD,Sen2Fire genuine wildfire: scene4/scene4/scene_4_patch_19_13.npz (242047 fire px)
wf_sen2fire_0287,WILDFIRE,SEN2FIRE,GROUND_TRUTH,36.176641,27.894414,2024-03-15T10:30:00Z,,8.0,,,"B02,B03,B04,B08,B11,B12",samples\wf_sen2fire_0287.npz,GOOD,Sen2Fire genuine wildfire: scene4/scene4/scene_4_patch_19_14.npz (114868 fire px)
wf_sen2fire_0288,WILDFIRE,SEN2FIRE,GROUND_TRUTH,36.202617,27.95125,2024-03-15T10:30:00Z,,8.0,,,"B02,B03,B04,B08,B11,B12",samples\wf_sen2fire_0288.npz,GOOD,Sen2Fire genuine wildfire: scene4/scene4/scene_4_patch_2_13.npz (32537 fire px)
wf_sen2fire_0289,WILDFIRE,SEN2FIRE,GROUND_TRUTH,36.195977,27.914531,2024-03-15T10:30:00Z,,8.0,,,"B02,B03,B04,B08,B11,B12",samples\wf_sen2fire_0289.npz,GOOD,Sen2Fire genuine wildfire: scene4/scene4/scene_4_patch_2_14.npz (98564 fire px)
wf_sen2fire_0290,WILDFIRE,SEN2FIRE,GROUND_TRUTH,36.208867,27.87957,2024-03-15T10:30:00Z,,8.0,,,"B02,B03,B04,B08,B11,B12",samples\wf_sen2fire_0290.npz,GOOD,Sen2Fire genuine wildfire: scene4/scene4/scene_4_patch_2_15.npz (10395 fire px)
wf_sen2fire_0291,WILDFIRE,SEN2FIRE,GROUND_TRUTH,36.219414,27.964727,2024-03-15T10:30:00Z,,8.0,,,"B02,B03,B04,B08,B11,B12",samples\wf_sen2fire_0291.npz,GOOD,Sen2Fire genuine wildfire: scene4/scene4/scene_4_patch_2_19.npz (212 fire px)
wf_sen2fire_0292,WILDFIRE,SEN2FIRE,GROUND_TRUTH,36.200859,27.95457,2024-03-15T10:30:00Z,,8.0,,,"B02,B03,B04,B08,B11,B12",samples\wf_sen2fire_0292.npz,GOOD,Sen2Fire genuine wildfire: scene4/scene4/scene_4_patch_2_20.npz (29072 fire px)
wf_sen2fire_0293,WILDFIRE,SEN2FIRE,GROUND_TRUTH,36.194805,27.924688,2024-03-15T10:30:00Z,,8.0,,,"B02,B03,B04,B08,B11,B12",samples\wf_sen2fire_0293.npz,GOOD,Sen2Fire genuine wildfire: scene4/scene4/scene_4_patch_2_21.npz (125005 fire px)
wf_sen2fire_0294,WILDFIRE,SEN2FIRE,GROUND_TRUTH,36.185625,27.923516,2024-03-15T10:30:00Z,,8.0,,,"B02,B03,B04,B08,B11,B12",samples\wf_sen2fire_0294.npz,GOOD,Sen2Fire genuine wildfire: scene4/scene4/scene_4_patch_2_22.npz (174007 fire px)
wf_sen2fire_0295,WILDFIRE,SEN2FIRE,GROUND_TRUTH,36.184453,27.897148,2024-03-15T10:30:00Z,,8.0,,,"B02,B03,B04,B08,B11,B12",samples\wf_sen2fire_0295.npz,GOOD,Sen2Fire genuine wildfire: scene4/scene4/scene_4_patch_2_23.npz (107796 fire px)
wf_sen2fire_0296,WILDFIRE,SEN2FIRE,GROUND_TRUTH,36.219414,27.873125,2024-03-15T10:30:00Z,,8.0,,,"B02,B03,B04,B08,B11,B12",samples\wf_sen2fire_0296.npz,GOOD,Sen2Fire genuine wildfire: scene4/scene4/scene_4_patch_2_24.npz (132 fire px)
wf_sen2fire_0297,WILDFIRE,SEN2FIRE,GROUND_TRUTH,36.194219,27.919414,2024-03-15T10:30:00Z,,8.0,,,"B02,B03,B04,B08,B11,B12",samples\wf_sen2fire_0297.npz,GOOD,Sen2Fire genuine wildfire: scene4/scene4/scene_4_patch_20_10.npz (130999 fire px)
wf_sen2fire_0298,WILDFIRE,SEN2FIRE,GROUND_TRUTH,36.193828,27.917656,2024-03-15T10:30:00Z,,8.0,,,"B02,B03,B04,B08,B11,B12",samples\wf_sen2fire_0298.npz,GOOD,Sen2Fire genuine wildfire: scene4/scene4/scene_4_patch_20_11.npz (133969 fire px)
wf_sen2fire_0299,WILDFIRE,SEN2FIRE,GROUND_TRUTH,36.169023,27.910625,2024-03-15T10:30:00Z,,8.0,,,"B02,B03,B04,B08,B11,B12",samples\wf_sen2fire_0299.npz,GOOD,Sen2Fire genuine wildfire: scene4/scene4/scene_4_patch_20_12.npz (94617 fire px)
wf_sen2fire_0300,WILDFIRE,SEN2FIRE,GROUND_TRUTH,36.132695,27.923906,2024-03-15T10:30:00Z,,8.0,,,"B02,B03,B04,B08,B11,B12",samples\wf_sen2fire_0300.npz,GOOD,Sen2Fire genuine wildfire: scene4/scene4/scene_4_patch_20_13.npz (60855 fire px)
wf_sen2fire_0301,WILDFIRE,SEN2FIRE,GROUND_TRUTH,36.133281,27.89793,2024-03-15T10:30:00Z,,8.0,,,"B02,B03,B04,B08,B11,B12",samples\wf_sen2fire_0301.npz,GOOD,Sen2Fire genuine wildfire: scene4/scene4/scene_4_patch_20_14.npz (39606 fire px)
wf_sen2fire_0302,WILDFIRE,SEN2FIRE,GROUND_TRUTH,36.212383,27.967266,2024-03-15T10:30:00Z,,8.0,,,"B02,B03,B04,B08,B11,B12",samples\wf_sen2fire_0302.npz,GOOD,Sen2Fire genuine wildfire: scene4/scene4/scene_4_patch_20_7.npz (2079 fire px)
wf_sen2fire_0303,WILDFIRE,SEN2FIRE,GROUND_TRUTH,36.196953,27.940703,2024-03-15T10:30:00Z,,8.0,,,"B02,B03,B04,B08,B11,B12",samples\wf_sen2fire_0303.npz,GOOD,Sen2Fire genuine wildfire: scene4/scene4/scene_4_patch_20_8.npz (73623 fire px)
wf_sen2fire_0304,WILDFIRE,SEN2FIRE,GROUND_TRUTH,36.193047,27.919805,2024-03-15T10:30:00Z,,8.0,,,"B02,B03,B04,B08,B11,B12",samples\wf_sen2fire_0304.npz,GOOD,Sen2Fire genuine wildfire: scene4/scene4/scene_4_patch_20_9.npz (140800 fire px)
wf_sen2fire_0305,WILDFIRE,SEN2FIRE,GROUND_TRUTH,36.158281,27.919219,2024-03-15T10:30:00Z,,8.0,,,"B02,B03,B04,B08,B11,B12",samples\wf_sen2fire_0305.npz,GOOD,Sen2Fire genuine wildfire: scene4/scene4/scene_4_patch_21_10.npz (198076 fire px)
wf_sen2fire_0306,WILDFIRE,SEN2FIRE,GROUND_TRUTH,36.159844,27.919609,2024-03-15T10:30:00Z,,8.0,,,"B02,B03,B04,B08,B11,B12",samples\wf_sen2fire_0306.npz,GOOD,Sen2Fire genuine wildfire: scene4/scene4/scene_4_patch_21_11.npz (198344 fire px)
wf_sen2fire_0307,WILDFIRE,SEN2FIRE,GROUND_TRUTH,36.159258,27.898516,2024-03-15T10:30:00Z,,8.0,,,"B02,B03,B04,B08,B11,B12",samples\wf_sen2fire_0307.npz,GOOD,Sen2Fire genuine wildfire: scene4/scene4/scene_4_patch_21_12.npz (99843 fire px)
wf_sen2fire_0308,WILDFIRE,SEN2FIRE,GROUND_TRUTH,36.179961,27.953594,2024-03-15T10:30:00Z,,8.0,,,"B02,B03,B04,B08,B11,B12",samples\wf_sen2fire_0308.npz,GOOD,Sen2Fire genuine wildfire: scene4/scene4/scene_4_patch_21_7.npz (50419 fire px)
wf_sen2fire_0309,WILDFIRE,SEN2FIRE,GROUND_TRUTH,36.165898,27.921367,2024-03-15T10:30:00Z,,8.0,,,"B02,B03,B04,B08,B11,B12",samples\wf_sen2fire_0309.npz,GOOD,Sen2Fire genuine wildfire: scene4/scene4/scene_4_patch_21_8.npz (192679 fire px)
wf_sen2fire_0310,WILDFIRE,SEN2FIRE,GROUND_TRUTH,36.15418,27.919414,2024-03-15T10:30:00Z,,8.0,,,"B02,B03,B04,B08,B11,B12",samples\wf_sen2fire_0310.npz,GOOD,Sen2Fire genuine wildfire: scene4/scene4/scene_4_patch_21_9.npz (179776 fire px)
wf_sen2fire_0311,WILDFIRE,SEN2FIRE,GROUND_TRUTH,36.143633,27.946953,2024-03-15T10:30:00Z,,8.0,,,"B02,B03,B04,B08,B11,B12",samples\wf_sen2fire_0311.npz,GOOD,Sen2Fire genuine wildfire: scene4/scene4/scene_4_patch_3_13.npz (48322 fire px)
wf_sen2fire_0312,WILDFIRE,SEN2FIRE,GROUND_TRUTH,36.139727,27.910625,2024-03-15T10:30:00Z,,8.0,,,"B02,B03,B04,B08,B11,B12",samples\wf_sen2fire_0312.npz,GOOD,Sen2Fire genuine wildfire: scene4/scene4/scene_4_patch_3_14.npz (84002 fire px)
wf_sen2fire_0313,WILDFIRE,SEN2FIRE,GROUND_TRUTH,36.134258,27.879766,2024-03-15T10:30:00Z,,8.0,,,"B02,B03,B04,B08,B11,B12",samples\wf_sen2fire_0313.npz,GOOD,Sen2Fire genuine wildfire: scene4/scene4/scene_4_patch_3_15.npz (10173 fire px)
wf_sen2fire_0314,WILDFIRE,SEN2FIRE,GROUND_TRUTH,36.211016,27.953594,2024-03-15T10:30:00Z,,8.0,,,"B02,B03,B04,B08,B11,B12",samples\wf_sen2fire_0314.npz,GOOD,Sen2Fire genuine wildfire: scene4/scene4/scene_4_patch_3_18.npz (15197 fire px)
wf_sen2fire_0315,WILDFIRE,SEN2FIRE,GROUND_TRUTH,36.195391,27.92918,2024-03-15T10:30:00Z,,8.0,,,"B02,B03,B04,B08,B11,B12",samples\wf_sen2fire_0315.npz,GOOD,Sen2Fire genuine wildfire: scene4/scene4/scene_4_patch_3_19.npz (91764 fire px)
wf_sen2fire_0316,WILDFIRE,SEN2FIRE,GROUND_TRUTH,36.168438,27.92625,2024-03-15T10:30:00Z,,8.0,,,"B02,B03,B04,B08,B11,B12",samples\wf_sen2fire_0316.npz,GOOD,Sen2Fire genuine wildfire: scene4/scene4/scene_4_patch_3_20.npz (148875 fire px)
wf_sen2fire_0317,WILDFIRE,SEN2FIRE,GROUND_TRUTH,36.151641,27.908086,2024-03-15T10:30:00Z,,8.0,,,"B02,B03,B04,B08,B11,B12",samples\wf_sen2fire_0317.npz,GOOD,Sen2Fire genuine wildfire: scene4/scene4/scene_4_patch_3_21.npz (139322 fire px)
wf_sen2fire_0318,WILDFIRE,SEN2FIRE,GROUND_TRUTH,36.139336,27.926445,2024-03-15T10:30:00Z,,8.0,,,"B02,B03,B04,B08,B11,B12",samples\wf_sen2fire_0318.npz,GOOD,Sen2Fire genuine wildfire: scene4/scene4/scene_4_patch_3_22.npz (95465 fire px)
wf_sen2fire_0319,WILDFIRE,SEN2FIRE,GROUND_TRUTH,36.152617,27.911602,2024-03-15T10:30:00Z,,8.0,,,"B02,B03,B04,B08,B11,B12",samples\wf_sen2fire_0319.npz,GOOD,Sen2Fire genuine wildfire: scene4/scene4/scene_4_patch_3_23.npz (109920 fire px)
wf_sen2fire_0320,WILDFIRE,SEN2FIRE,GROUND_TRUTH,36.182695,27.907109,2024-03-15T10:30:00Z,,8.0,,,"B02,B03,B04,B08,B11,B12",samples\wf_sen2fire_0320.npz,GOOD,Sen2Fire genuine wildfire: scene4/scene4/scene_4_patch_3_24.npz (52569 fire px)
wf_sen2fire_0321,WILDFIRE,SEN2FIRE,GROUND_TRUTH,36.212187,27.956133,2024-03-15T10:30:00Z,,8.0,,,"B02,B03,B04,B08,B11,B12",samples\wf_sen2fire_0321.npz,GOOD,Sen2Fire genuine wildfire: scene4/scene4/scene_4_patch_4_13.npz (10920 fire px)
wf_sen2fire_0322,WILDFIRE,SEN2FIRE,GROUND_TRUTH,36.212187,27.888164,2024-03-15T10:30:00Z,,8.0,,,"B02,B03,B04,B08,B11,B12",samples\wf_sen2fire_0322.npz,GOOD,Sen2Fire genuine wildfire: scene4/scene4/scene_4_patch_4_14.npz (14664 fire px)
wf_sen2fire_0323,WILDFIRE,SEN2FIRE,GROUND_TRUTH,36.15418,27.953594,2024-03-15T10:30:00Z,,8.0,,,"B02,B03,B04,B08,B11,B12",samples\wf_sen2fire_0323.npz,GOOD,Sen2Fire genuine wildfire: scene4/scene4/scene_4_patch_4_18.npz (33233 fire px)
wf_sen2fire_0324,WILDFIRE,SEN2FIRE,GROUND_TRUTH,36.160234,27.915898,2024-03-15T10:30:00Z,,8.0,,,"B02,B03,B04,B08,B11,B12",samples\wf_sen2fire_0324.npz,GOOD,Sen2Fire genuine wildfire: scene4/scene4/scene_4_patch_4_19.npz (112304 fire px)
wf_sen2fire_0325,WILDFIRE,SEN2FIRE,GROUND_TRUTH,36.147148,27.900273,2024-03-15T10:30:00Z,,8.0,,,"B02,B03,B04,B08,B11,B12",samples\wf_sen2fire_0325.npz,GOOD,Sen2Fire genuine wildfire: scene4/scene4/scene_4_patch_4_20.npz (26506 fire px)
wf_sen2fire_0326,WILDFIRE,SEN2FIRE,GROUND_TRUTH,36.123516,27.888359,2024-03-15T10:30:00Z,,8.0,,,"B02,B03,B04,B08,B11,B12",samples\wf_sen2fire_0326.npz,GOOD,Sen2Fire genuine wildfire: scene4/scene4/scene_4_patch_4_21.npz (6993 fire px)
wf_sen2fire_0327,WILDFIRE,SEN2FIRE,GROUND_TRUTH,36.123516,27.960625,2024-03-15T10:30:00Z,,8.0,,,"B02,B03,B04,B08,B11,B12",samples\wf_sen2fire_0327.npz,GOOD,Sen2Fire genuine wildfire: scene4/scene4/scene_4_patch_4_23.npz (3515 fire px)
wf_sen2fire_0328,WILDFIRE,SEN2FIRE,GROUND_TRUTH,36.123516,27.905547,2024-03-15T10:30:00Z,,8.0,,,"B02,B03,B04,B08,B11,B12",samples\wf_sen2fire_0328.npz,GOOD,Sen2Fire genuine wildfire: scene4/scene4/scene_4_patch_4_24.npz (11063 fire px)
wf_sen2fire_0329,WILDFIRE,SEN2FIRE,GROUND_TRUTH,36.148906,27.956133,2024-03-15T10:30:00Z,,8.0,,,"B02,B03,B04,B08,B11,B12",samples\wf_sen2fire_0329.npz,GOOD,Sen2Fire genuine wildfire: scene4/scene4/scene_4_patch_5_13.npz (27720 fire px)
wf_sen2fire_0330,WILDFIRE,SEN2FIRE,GROUND_TRUTH,36.161406,27.914531,2024-03-15T10:30:00Z,,8.0,,,"B02,B03,B04,B08,B11,B12",samples\wf_sen2fire_0330.npz,GOOD,Sen2Fire genuine wildfire: scene4/scene4/scene_4_patch_5_14.npz (89001 fire px)
wf_sen2fire_0331,WILDFIRE,SEN2FIRE,GROUND_TRUTH,36.177617,27.889336,2024-03-15T10:30:00Z,,8.0,,,"B02,B03,B04,B08,B11,B12",samples\wf_sen2fire_0331.npz,GOOD,Sen2Fire genuine wildfire: scene4/scene4/scene_4_patch_5_15.npz (20295 fire px)
wf_sen2fire_0332,WILDFIRE,SEN2FIRE,GROUND_TRUTH,36.124688,27.963359,2024-03-15T10:30:00Z,,8.0,,,"B02,B03,B04,B08,B11,B12",samples\wf_sen2fire_0332.npz,GOOD,Sen2Fire genuine wildfire: scene4/scene4/scene_4_patch_5_18.npz (3350 fire px)
wf_sen2fire_0333,WILDFIRE,SEN2FIRE,GROUND_TRUTH,36.124688,27.920586,2024-03-15T10:30:00Z,,8.0,,,"B02,B03,B04,B08,B11,B12",samples\wf_sen2fire_0333.npz,GOOD,Sen2Fire genuine wildfire: scene4/scene4/scene_4_patch_5_19.npz (19900 fire px)
wf_sen2fire_0334,WILDFIRE,SEN2FIRE,GROUND_TRUTH,36.124688,27.877227,2024-03-15T10:30:00Z,,8.0,,,"B02,B03,B04,B08,B11,B12",samples\wf_sen2fire_0334.npz,GOOD,Sen2Fire genuine wildfire: scene4/scene4/scene_4_patch_5_20.npz (3750 fire px)
wf_sen2fire_0335,WILDFIRE,SEN2FIRE,GROUND_TRUTH,36.199297,27.95418,2024-03-15T10:30:00Z,,8.0,,,"B02,B03,B04,B08,B11,B12",samples\wf_sen2fire_0335.npz,GOOD,Sen2Fire genuine wildfire: scene4/scene4/scene_4_patch_6_10.npz (36033 fire px)
wf_sen2fire_0336,WILDFIRE,SEN2FIRE,GROUND_TRUTH,36.195781,27.921367,2024-03-15T10:30:00Z,,8.0,,,"B02,B03,B04,B08,B11,B12",samples\wf_sen2fire_0336.npz,GOOD,Sen2Fire genuine wildfire: scene4/scene4/scene_4_patch_6_11.npz (124057 fire px)
wf_sen2fire_0337,WILDFIRE,SEN2FIRE,GROUND_TRUTH,36.196562,27.919023,2024-03-15T10:30:00Z,,8.0,,,"B02,B03,B04,B08,B11,B12",samples\wf_sen2fire_0337.npz,GOOD,Sen2Fire genuine wildfire: scene4/scene4/scene_4_patch_6_12.npz (118612 fire px)
wf_sen2fire_0338,WILDFIRE,SEN2FIRE,GROUND_TRUTH,36.196953,27.903008,2024-03-15T10:30:00Z,,8.0,,,"B02,B03,B04,B08,B11,B12",samples\wf_sen2fire_0338.npz,GOOD,Sen2Fire genuine wildfire: scene4/scene4/scene_4_patch_6_13.npz (83571 fire px)
wf_sen2fire_0339,WILDFIRE,SEN2FIRE,GROUND_TRUTH,36.176836,27.943047,2024-03-15T10:30:00Z,,8.0,,,"B02,B03,B04,B08,B11,B12",samples\wf_sen2fire_0339.npz,GOOD,Sen2Fire genuine wildfire: scene4/scene4/scene_4_patch_7_10.npz (117357 fire px)
wf_sen2fire_0340,WILDFIRE,SEN2FIRE,GROUND_TRUTH,36.166289,27.917266,2024-03-15T10:30:00Z,,8.0,,,"B02,B03,B04,B08,B11,B12",samples\wf_sen2fire_0340.npz,GOOD,Sen2Fire genuine wildfire: scene4/scene4/scene_4_patch_7_11.npz (234169 fire px)
wf_sen2fire_0341,WILDFIRE,SEN2FIRE,GROUND_TRUTH,36.150078,27.916289,2024-03-15T10:30:00Z,,8.0,,,"B02,B03,B04,B08,B11,B12",samples\wf_sen2fire_0341.npz,GOOD,Sen2Fire genuine wildfire: scene4/scene4/scene_4_patch_7_12.npz (155517 fire px)
wf_sen2fire_0342,WILDFIRE,SEN2FIRE,GROUND_TRUTH,36.142461,27.902031,2024-03-15T10:30:00Z,,8.0,,,"B02,B03,B04,B08,B11,B12",samples\wf_sen2fire_0342.npz,GOOD,Sen2Fire genuine wildfire: scene4/scene4/scene_4_patch_7_13.npz (81855 fire px)
wf_sen2fire_0343,WILDFIRE,SEN2FIRE,GROUND_TRUTH,36.16375,27.914922,2024-03-15T10:30:00Z,,8.0,,,"B02,B03,B04,B08,B11,B12",samples\wf_sen2fire_0343.npz,GOOD,Sen2Fire genuine wildfire: scene4/scene4/scene_4_patch_8_10.npz (118022 fire px)
wf_sen2fire_0344,WILDFIRE,SEN2FIRE,GROUND_TRUTH,36.137969,27.903398,2024-03-15T10:30:00Z,,8.0,,,"B02,B03,B04,B08,B11,B12",samples\wf_sen2fire_0344.npz,GOOD,Sen2Fire genuine wildfire: scene4/scene4/scene_4_patch_8_11.npz (63984 fire px)
wf_sen2fire_0345,WILDFIRE,SEN2FIRE,GROUND_TRUTH,36.178789,27.947344,2024-03-15T10:30:00Z,,8.0,,,"B02,B03,B04,B08,B11,B12",samples\wf_sen2fire_0345.npz,GOOD,Sen2Fire genuine wildfire: scene4/scene4/scene_4_patch_8_9.npz (58805 fire px)
wf_sen2fire_0346,WILDFIRE,SEN2FIRE,GROUND_TRUTH,36.12957,27.895195,2024-03-15T10:30:00Z,,8.0,,,"B02,B03,B04,B08,B11,B12",samples\wf_sen2fire_0346.npz,GOOD,Sen2Fire genuine wildfire: scene4/scene4/scene_4_patch_9_10.npz (20030 fire px)
wf_sen2fire_0347,WILDFIRE,SEN2FIRE,GROUND_TRUTH,36.193828,27.941484,2024-03-15T10:30:00Z,,8.0,,,"B02,B03,B04,B08,B11,B12",samples\wf_sen2fire_0347.npz,GOOD,Sen2Fire genuine wildfire: scene4/scene4/scene_4_patch_9_11.npz (65652 fire px)
wf_sen2fire_0348,WILDFIRE,SEN2FIRE,GROUND_TRUTH,36.200664,27.890898,2024-03-15T10:30:00Z,,8.0,,,"B02,B03,B04,B08,B11,B12",samples\wf_sen2fire_0348.npz,GOOD,Sen2Fire genuine wildfire: scene4/scene4/scene_4_patch_9_12.npz (43827 fire px)
wf_sen2fire_0349,WILDFIRE,SEN2FIRE,GROUND_TRUTH,36.12957,27.960039,2024-03-15T10:30:00Z,,8.0,,,"B02,B03,B04,B08,B11,B12",samples\wf_sen2fire_0349.npz,GOOD,Sen2Fire genuine wildfire: scene4/scene4/scene_4_patch_9_9.npz (9899 fire px)
nf_sen2fire_0001,NON_FIRE,SEN2FIRE,GROUND_TRUTH,38.53,23.86,2024-03-15T10:30:00Z,,12.0,,,"B02,B03,B04,B08,B11,B12",samples\nf_sen2fire_0001.npz,GOOD,Sen2Fire nominal background terrain: scene1/scene1/scene_1_patch_1_1.npz
nf_sen2fire_0002,NON_FIRE,SEN2FIRE,GROUND_TRUTH,38.54,23.86,2024-03-15T10:30:00Z,,12.0,,,"B02,B03,B04,B08,B11,B12",samples\nf_sen2fire_0002.npz,GOOD,Sen2Fire nominal background terrain: scene1/scene1/scene_1_patch_1_10.npz
nf_sen2fire_0003,NON_FIRE,SEN2FIRE,GROUND_TRUTH,38.55,23.86,2024-03-15T10:30:00Z,,12.0,,,"B02,B03,B04,B08,B11,B12",samples\nf_sen2fire_0003.npz,GOOD,Sen2Fire nominal background terrain: scene1/scene1/scene_1_patch_1_11.npz
nf_sen2fire_0004,NON_FIRE,SEN2FIRE,GROUND_TRUTH,38.56,23.86,2024-03-15T10:30:00Z,,12.0,,,"B02,B03,B04,B08,B11,B12",samples\nf_sen2fire_0004.npz,GOOD,Sen2Fire nominal background terrain: scene1/scene1/scene_1_patch_1_12.npz
nf_sen2fire_0005,NON_FIRE,SEN2FIRE,GROUND_TRUTH,38.57,23.86,2024-03-15T10:30:00Z,,12.0,,,"B02,B03,B04,B08,B11,B12",samples\nf_sen2fire_0005.npz,GOOD,Sen2Fire nominal background terrain: scene1/scene1/scene_1_patch_1_13.npz
nf_sen2fire_0006,NON_FIRE,SEN2FIRE,GROUND_TRUTH,38.58,23.86,2024-03-15T10:30:00Z,,12.0,,,"B02,B03,B04,B08,B11,B12",samples\nf_sen2fire_0006.npz,GOOD,Sen2Fire nominal background terrain: scene1/scene1/scene_1_patch_1_14.npz
nf_sen2fire_0007,NON_FIRE,SEN2FIRE,GROUND_TRUTH,38.59,23.86,2024-03-15T10:30:00Z,,12.0,,,"B02,B03,B04,B08,B11,B12",samples\nf_sen2fire_0007.npz,GOOD,Sen2Fire nominal background terrain: scene1/scene1/scene_1_patch_1_15.npz
nf_sen2fire_0008,NON_FIRE,SEN2FIRE,GROUND_TRUTH,38.6,23.86,2024-03-15T10:30:00Z,,12.0,,,"B02,B03,B04,B08,B11,B12",samples\nf_sen2fire_0008.npz,GOOD,Sen2Fire nominal background terrain: scene1/scene1/scene_1_patch_1_16.npz
nf_sen2fire_0009,NON_FIRE,SEN2FIRE,GROUND_TRUTH,38.61,23.86,2024-03-15T10:30:00Z,,12.0,,,"B02,B03,B04,B08,B11,B12",samples\nf_sen2fire_0009.npz,GOOD,Sen2Fire nominal background terrain: scene1/scene1/scene_1_patch_1_17.npz
nf_sen2fire_0010,NON_FIRE,SEN2FIRE,GROUND_TRUTH,38.62,23.86,2024-03-15T10:30:00Z,,12.0,,,"B02,B03,B04,B08,B11,B12",samples\nf_sen2fire_0010.npz,GOOD,Sen2Fire nominal background terrain: scene1/scene1/scene_1_patch_1_18.npz
nf_sen2fire_0011,NON_FIRE,SEN2FIRE,GROUND_TRUTH,38.63,23.86,2024-03-15T10:30:00Z,,12.0,,,"B02,B03,B04,B08,B11,B12",samples\nf_sen2fire_0011.npz,GOOD,Sen2Fire nominal background terrain: scene1/scene1/scene_1_patch_1_19.npz
nf_sen2fire_0012,NON_FIRE,SEN2FIRE,GROUND_TRUTH,38.64,23.86,2024-03-15T10:30:00Z,,12.0,,,"B02,B03,B04,B08,B11,B12",samples\nf_sen2fire_0012.npz,GOOD,Sen2Fire nominal background terrain: scene1/scene1/scene_1_patch_1_2.npz
nf_sen2fire_0013,NON_FIRE,SEN2FIRE,GROUND_TRUTH,38.65,23.86,2024-03-15T10:30:00Z,,12.0,,,"B02,B03,B04,B08,B11,B12",samples\nf_sen2fire_0013.npz,GOOD,Sen2Fire nominal background terrain: scene1/scene1/scene_1_patch_1_20.npz
nf_sen2fire_0014,NON_FIRE,SEN2FIRE,GROUND_TRUTH,38.66,23.86,2024-03-15T10:30:00Z,,12.0,,,"B02,B03,B04,B08,B11,B12",samples\nf_sen2fire_0014.npz,GOOD,Sen2Fire nominal background terrain: scene1/scene1/scene_1_patch_1_21.npz
nf_sen2fire_0015,NON_FIRE,SEN2FIRE,GROUND_TRUTH,38.67,23.86,2024-03-15T10:30:00Z,,12.0,,,"B02,B03,B04,B08,B11,B12",samples\nf_sen2fire_0015.npz,GOOD,Sen2Fire nominal background terrain: scene1/scene1/scene_1_patch_1_22.npz
nf_sen2fire_0016,NON_FIRE,SEN2FIRE,GROUND_TRUTH,38.68,23.86,2024-03-15T10:30:00Z,,12.0,,,"B02,B03,B04,B08,B11,B12",samples\nf_sen2fire_0016.npz,GOOD,Sen2Fire nominal background terrain: scene1/scene1/scene_1_patch_1_23.npz
nf_sen2fire_0017,NON_FIRE,SEN2FIRE,GROUND_TRUTH,38.69,23.86,2024-03-15T10:30:00Z,,12.0,,,"B02,B03,B04,B08,B11,B12",samples\nf_sen2fire_0017.npz,GOOD,Sen2Fire nominal background terrain: scene1/scene1/scene_1_patch_1_24.npz
nf_sen2fire_0018,NON_FIRE,SEN2FIRE,GROUND_TRUTH,38.7,23.86,2024-03-15T10:30:00Z,,12.0,,,"B02,B03,B04,B08,B11,B12",samples\nf_sen2fire_0018.npz,GOOD,Sen2Fire nominal background terrain: scene1/scene1/scene_1_patch_1_25.npz
nf_sen2fire_0019,NON_FIRE,SEN2FIRE,GROUND_TRUTH,38.71,23.86,2024-03-15T10:30:00Z,,12.0,,,"B02,B03,B04,B08,B11,B12",samples\nf_sen2fire_0019.npz,GOOD,Sen2Fire nominal background terrain: scene1/scene1/scene_1_patch_1_26.npz
nf_sen2fire_0020,NON_FIRE,SEN2FIRE,GROUND_TRUTH,38.72,23.86,2024-03-15T10:30:00Z,,12.0,,,"B02,B03,B04,B08,B11,B12",samples\nf_sen2fire_0020.npz,GOOD,Sen2Fire nominal background terrain: scene1/scene1/scene_1_patch_1_27.npz
nf_sen2fire_0021,NON_FIRE,SEN2FIRE,GROUND_TRUTH,38.73,23.86,2024-03-15T10:30:00Z,,12.0,,,"B02,B03,B04,B08,B11,B12",samples\nf_sen2fire_0021.npz,GOOD,Sen2Fire nominal background terrain: scene1/scene1/scene_1_patch_1_3.npz
nf_sen2fire_0022,NON_FIRE,SEN2FIRE,GROUND_TRUTH,38.74,23.86,2024-03-15T10:30:00Z,,12.0,,,"B02,B03,B04,B08,B11,B12",samples\nf_sen2fire_0022.npz,GOOD,Sen2Fire nominal background terrain: scene1/scene1/scene_1_patch_1_4.npz
nf_sen2fire_0023,NON_FIRE,SEN2FIRE,GROUND_TRUTH,38.75,23.86,2024-03-15T10:30:00Z,,12.0,,,"B02,B03,B04,B08,B11,B12",samples\nf_sen2fire_0023.npz,GOOD,Sen2Fire nominal background terrain: scene1/scene1/scene_1_patch_1_5.npz
nf_sen2fire_0024,NON_FIRE,SEN2FIRE,GROUND_TRUTH,38.76,23.86,2024-03-15T10:30:00Z,,12.0,,,"B02,B03,B04,B08,B11,B12",samples\nf_sen2fire_0024.npz,GOOD,Sen2Fire nominal background terrain: scene1/scene1/scene_1_patch_1_6.npz
nf_sen2fire_0025,NON_FIRE,SEN2FIRE,GROUND_TRUTH,38.77,23.86,2024-03-15T10:30:00Z,,12.0,,,"B02,B03,B04,B08,B11,B12",samples\nf_sen2fire_0025.npz,GOOD,Sen2Fire nominal background terrain: scene1/scene1/scene_1_patch_1_7.npz
nf_sen2fire_0026,NON_FIRE,SEN2FIRE,GROUND_TRUTH,38.78,23.86,2024-03-15T10:30:00Z,,12.0,,,"B02,B03,B04,B08,B11,B12",samples\nf_sen2fire_0026.npz,GOOD,Sen2Fire nominal background terrain: scene1/scene1/scene_1_patch_1_8.npz
nf_sen2fire_0027,NON_FIRE,SEN2FIRE,GROUND_TRUTH,38.79,23.86,2024-03-15T10:30:00Z,,12.0,,,"B02,B03,B04,B08,B11,B12",samples\nf_sen2fire_0027.npz,GOOD,Sen2Fire nominal background terrain: scene1/scene1/scene_1_patch_1_9.npz
nf_sen2fire_0028,NON_FIRE,SEN2FIRE,GROUND_TRUTH,38.8,23.86,2024-03-15T10:30:00Z,,12.0,,,"B02,B03,B04,B08,B11,B12",samples\nf_sen2fire_0028.npz,GOOD,Sen2Fire nominal background terrain: scene1/scene1/scene_1_patch_10_1.npz
nf_sen2fire_0029,NON_FIRE,SEN2FIRE,GROUND_TRUTH,38.81,23.86,2024-03-15T10:30:00Z,,12.0,,,"B02,B03,B04,B08,B11,B12",samples\nf_sen2fire_0029.npz,GOOD,Sen2Fire nominal background terrain: scene1/scene1/scene_1_patch_10_18.npz
nf_sen2fire_0030,NON_FIRE,SEN2FIRE,GROUND_TRUTH,38.52,23.87,2024-03-15T10:30:00Z,,12.0,,,"B02,B03,B04,B08,B11,B12",samples\nf_sen2fire_0030.npz,GOOD,Sen2Fire nominal background terrain: scene1/scene1/scene_1_patch_10_19.npz
nf_sen2fire_0031,NON_FIRE,SEN2FIRE,GROUND_TRUTH,38.53,23.87,2024-03-15T10:30:00Z,,12.0,,,"B02,B03,B04,B08,B11,B12",samples\nf_sen2fire_0031.npz,GOOD,Sen2Fire nominal background terrain: scene1/scene1/scene_1_patch_10_2.npz
nf_sen2fire_0032,NON_FIRE,SEN2FIRE,GROUND_TRUTH,38.54,23.87,2024-03-15T10:30:00Z,,12.0,,,"B02,B03,B04,B08,B11,B12",samples\nf_sen2fire_0032.npz,GOOD,Sen2Fire nominal background terrain: scene1/scene1/scene_1_patch_10_20.npz
nf_sen2fire_0033,NON_FIRE,SEN2FIRE,GROUND_TRUTH,38.55,23.87,2024-03-15T10:30:00Z,,12.0,,,"B02,B03,B04,B08,B11,B12",samples\nf_sen2fire_0033.npz,GOOD,Sen2Fire nominal background terrain: scene1/scene1/scene_1_patch_10_21.npz
nf_sen2fire_0034,NON_FIRE,SEN2FIRE,GROUND_TRUTH,38.56,23.87,2024-03-15T10:30:00Z,,12.0,,,"B02,B03,B04,B08,B11,B12",samples\nf_sen2fire_0034.npz,GOOD,Sen2Fire nominal background terrain: scene1/scene1/scene_1_patch_10_22.npz
nf_sen2fire_0035,NON_FIRE,SEN2FIRE,GROUND_TRUTH,38.57,23.87,2024-03-15T10:30:00Z,,12.0,,,"B02,B03,B04,B08,B11,B12",samples\nf_sen2fire_0035.npz,GOOD,Sen2Fire nominal background terrain: scene1/scene1/scene_1_patch_10_23.npz
nf_sen2fire_0036,NON_FIRE,SEN2FIRE,GROUND_TRUTH,38.58,23.87,2024-03-15T10:30:00Z,,12.0,,,"B02,B03,B04,B08,B11,B12",samples\nf_sen2fire_0036.npz,GOOD,Sen2Fire nominal background terrain: scene1/scene1/scene_1_patch_10_24.npz
nf_sen2fire_0037,NON_FIRE,SEN2FIRE,GROUND_TRUTH,38.59,23.87,2024-03-15T10:30:00Z,,12.0,,,"B02,B03,B04,B08,B11,B12",samples\nf_sen2fire_0037.npz,GOOD,Sen2Fire nominal background terrain: scene1/scene1/scene_1_patch_10_25.npz
nf_sen2fire_0038,NON_FIRE,SEN2FIRE,GROUND_TRUTH,38.6,23.87,2024-03-15T10:30:00Z,,12.0,,,"B02,B03,B04,B08,B11,B12",samples\nf_sen2fire_0038.npz,GOOD,Sen2Fire nominal background terrain: scene1/scene1/scene_1_patch_10_26.npz
nf_sen2fire_0039,NON_FIRE,SEN2FIRE,GROUND_TRUTH,38.61,23.87,2024-03-15T10:30:00Z,,12.0,,,"B02,B03,B04,B08,B11,B12",samples\nf_sen2fire_0039.npz,GOOD,Sen2Fire nominal background terrain: scene1/scene1/scene_1_patch_10_27.npz
nf_sen2fire_0040,NON_FIRE,SEN2FIRE,GROUND_TRUTH,38.62,23.87,2024-03-15T10:30:00Z,,12.0,,,"B02,B03,B04,B08,B11,B12",samples\nf_sen2fire_0040.npz,GOOD,Sen2Fire nominal background terrain: scene1/scene1/scene_1_patch_10_3.npz
nf_sen2fire_0041,NON_FIRE,SEN2FIRE,GROUND_TRUTH,38.63,23.87,2024-03-15T10:30:00Z,,12.0,,,"B02,B03,B04,B08,B11,B12",samples\nf_sen2fire_0041.npz,GOOD,Sen2Fire nominal background terrain: scene1/scene1/scene_1_patch_10_4.npz
nf_sen2fire_0042,NON_FIRE,SEN2FIRE,GROUND_TRUTH,38.64,23.87,2024-03-15T10:30:00Z,,12.0,,,"B02,B03,B04,B08,B11,B12",samples\nf_sen2fire_0042.npz,GOOD,Sen2Fire nominal background terrain: scene1/scene1/scene_1_patch_10_5.npz
nf_sen2fire_0043,NON_FIRE,SEN2FIRE,GROUND_TRUTH,38.65,23.87,2024-03-15T10:30:00Z,,12.0,,,"B02,B03,B04,B08,B11,B12",samples\nf_sen2fire_0043.npz,GOOD,Sen2Fire nominal background terrain: scene1/scene1/scene_1_patch_10_6.npz
nf_sen2fire_0044,NON_FIRE,SEN2FIRE,GROUND_TRUTH,38.66,23.87,2024-03-15T10:30:00Z,,12.0,,,"B02,B03,B04,B08,B11,B12",samples\nf_sen2fire_0044.npz,GOOD,Sen2Fire nominal background terrain: scene1/scene1/scene_1_patch_10_7.npz
nf_sen2fire_0045,NON_FIRE,SEN2FIRE,GROUND_TRUTH,38.67,23.87,2024-03-15T10:30:00Z,,12.0,,,"B02,B03,B04,B08,B11,B12",samples\nf_sen2fire_0045.npz,GOOD,Sen2Fire nominal background terrain: scene1/scene1/scene_1_patch_10_8.npz
nf_sen2fire_0046,NON_FIRE,SEN2FIRE,GROUND_TRUTH,38.68,23.87,2024-03-15T10:30:00Z,,12.0,,,"B02,B03,B04,B08,B11,B12",samples\nf_sen2fire_0046.npz,GOOD,Sen2Fire nominal background terrain: scene1/scene1/scene_1_patch_11_1.npz
nf_sen2fire_0047,NON_FIRE,SEN2FIRE,GROUND_TRUTH,38.69,23.87,2024-03-15T10:30:00Z,,12.0,,,"B02,B03,B04,B08,B11,B12",samples\nf_sen2fire_0047.npz,GOOD,Sen2Fire nominal background terrain: scene1/scene1/scene_1_patch_11_12.npz
nf_sen2fire_0048,NON_FIRE,SEN2FIRE,GROUND_TRUTH,38.7,23.87,2024-03-15T10:30:00Z,,12.0,,,"B02,B03,B04,B08,B11,B12",samples\nf_sen2fire_0048.npz,GOOD,Sen2Fire nominal background terrain: scene1/scene1/scene_1_patch_11_13.npz
nf_sen2fire_0049,NON_FIRE,SEN2FIRE,GROUND_TRUTH,38.71,23.87,2024-03-15T10:30:00Z,,12.0,,,"B02,B03,B04,B08,B11,B12",samples\nf_sen2fire_0049.npz,GOOD,Sen2Fire nominal background terrain: scene1/scene1/scene_1_patch_11_14.npz
nf_sen2fire_0050,NON_FIRE,SEN2FIRE,GROUND_TRUTH,38.72,23.87,2024-03-15T10:30:00Z,,12.0,,,"B02,B03,B04,B08,B11,B12",samples\nf_sen2fire_0050.npz,GOOD,Sen2Fire nominal background terrain: scene1/scene1/scene_1_patch_11_15.npz
nf_sen2fire_0051,NON_FIRE,SEN2FIRE,GROUND_TRUTH,38.73,23.87,2024-03-15T10:30:00Z,,12.0,,,"B02,B03,B04,B08,B11,B12",samples\nf_sen2fire_0051.npz,GOOD,Sen2Fire nominal background terrain: scene1/scene1/scene_1_patch_11_16.npz
nf_sen2fire_0052,NON_FIRE,SEN2FIRE,GROUND_TRUTH,38.74,23.87,2024-03-15T10:30:00Z,,12.0,,,"B02,B03,B04,B08,B11,B12",samples\nf_sen2fire_0052.npz,GOOD,Sen2Fire nominal background terrain: scene1/scene1/scene_1_patch_11_17.npz
nf_sen2fire_0053,NON_FIRE,SEN2FIRE,GROUND_TRUTH,38.75,23.87,2024-03-15T10:30:00Z,,12.0,,,"B02,B03,B04,B08,B11,B12",samples\nf_sen2fire_0053.npz,GOOD,Sen2Fire nominal background terrain: scene1/scene1/scene_1_patch_11_18.npz
nf_sen2fire_0054,NON_FIRE,SEN2FIRE,GROUND_TRUTH,38.76,23.87,2024-03-15T10:30:00Z,,12.0,,,"B02,B03,B04,B08,B11,B12",samples\nf_sen2fire_0054.npz,GOOD,Sen2Fire nominal background terrain: scene1/scene1/scene_1_patch_11_19.npz
nf_sen2fire_0055,NON_FIRE,SEN2FIRE,GROUND_TRUTH,38.77,23.87,2024-03-15T10:30:00Z,,12.0,,,"B02,B03,B04,B08,B11,B12",samples\nf_sen2fire_0055.npz,GOOD,Sen2Fire nominal background terrain: scene1/scene1/scene_1_patch_11_2.npz
nf_sen2fire_0056,NON_FIRE,SEN2FIRE,GROUND_TRUTH,38.78,23.87,2024-03-15T10:30:00Z,,12.0,,,"B02,B03,B04,B08,B11,B12",samples\nf_sen2fire_0056.npz,GOOD,Sen2Fire nominal background terrain: scene1/scene1/scene_1_patch_11_20.npz
nf_sen2fire_0057,NON_FIRE,SEN2FIRE,GROUND_TRUTH,38.79,23.87,2024-03-15T10:30:00Z,,12.0,,,"B02,B03,B04,B08,B11,B12",samples\nf_sen2fire_0057.npz,GOOD,Sen2Fire nominal background terrain: scene1/scene1/scene_1_patch_11_21.npz
nf_sen2fire_0058,NON_FIRE,SEN2FIRE,GROUND_TRUTH,38.8,23.87,2024-03-15T10:30:00Z,,12.0,,,"B02,B03,B04,B08,B11,B12",samples\nf_sen2fire_0058.npz,GOOD,Sen2Fire nominal background terrain: scene1/scene1/scene_1_patch_11_22.npz
nf_sen2fire_0059,NON_FIRE,SEN2FIRE,GROUND_TRUTH,38.81,23.87,2024-03-15T10:30:00Z,,12.0,,,"B02,B03,B04,B08,B11,B12",samples\nf_sen2fire_0059.npz,GOOD,Sen2Fire nominal background terrain: scene1/scene1/scene_1_patch_11_23.npz
nf_sen2fire_0060,NON_FIRE,SEN2FIRE,GROUND_TRUTH,38.52,23.88,2024-03-15T10:30:00Z,,12.0,,,"B02,B03,B04,B08,B11,B12",samples\nf_sen2fire_0060.npz,GOOD,Sen2Fire nominal background terrain: scene1/scene1/scene_1_patch_11_24.npz
nf_sen2fire_0061,NON_FIRE,SEN2FIRE,GROUND_TRUTH,38.53,23.88,2024-03-15T10:30:00Z,,12.0,,,"B02,B03,B04,B08,B11,B12",samples\nf_sen2fire_0061.npz,GOOD,Sen2Fire nominal background terrain: scene1/scene1/scene_1_patch_11_25.npz
nf_sen2fire_0062,NON_FIRE,SEN2FIRE,GROUND_TRUTH,38.54,23.88,2024-03-15T10:30:00Z,,12.0,,,"B02,B03,B04,B08,B11,B12",samples\nf_sen2fire_0062.npz,GOOD,Sen2Fire nominal background terrain: scene1/scene1/scene_1_patch_11_26.npz
nf_sen2fire_0063,NON_FIRE,SEN2FIRE,GROUND_TRUTH,38.55,23.88,2024-03-15T10:30:00Z,,12.0,,,"B02,B03,B04,B08,B11,B12",samples\nf_sen2fire_0063.npz,GOOD,Sen2Fire nominal background terrain: scene1/scene1/scene_1_patch_11_27.npz
nf_sen2fire_0064,NON_FIRE,SEN2FIRE,GROUND_TRUTH,38.56,23.88,2024-03-15T10:30:00Z,,12.0,,,"B02,B03,B04,B08,B11,B12",samples\nf_sen2fire_0064.npz,GOOD,Sen2Fire nominal background terrain: scene1/scene1/scene_1_patch_11_3.npz
nf_sen2fire_0065,NON_FIRE,SEN2FIRE,GROUND_TRUTH,38.57,23.88,2024-03-15T10:30:00Z,,12.0,,,"B02,B03,B04,B08,B11,B12",samples\nf_sen2fire_0065.npz,GOOD,Sen2Fire nominal background terrain: scene1/scene1/scene_1_patch_11_4.npz
nf_sen2fire_0066,NON_FIRE,SEN2FIRE,GROUND_TRUTH,38.58,23.88,2024-03-15T10:30:00Z,,12.0,,,"B02,B03,B04,B08,B11,B12",samples\nf_sen2fire_0066.npz,GOOD,Sen2Fire nominal background terrain: scene1/scene1/scene_1_patch_11_5.npz
nf_sen2fire_0067,NON_FIRE,SEN2FIRE,GROUND_TRUTH,38.59,23.88,2024-03-15T10:30:00Z,,12.0,,,"B02,B03,B04,B08,B11,B12",samples\nf_sen2fire_0067.npz,GOOD,Sen2Fire nominal background terrain: scene1/scene1/scene_1_patch_11_6.npz
nf_sen2fire_0068,NON_FIRE,SEN2FIRE,GROUND_TRUTH,38.6,23.88,2024-03-15T10:30:00Z,,12.0,,,"B02,B03,B04,B08,B11,B12",samples\nf_sen2fire_0068.npz,GOOD,Sen2Fire nominal background terrain: scene1/scene1/scene_1_patch_11_7.npz
nf_sen2fire_0069,NON_FIRE,SEN2FIRE,GROUND_TRUTH,38.61,23.88,2024-03-15T10:30:00Z,,12.0,,,"B02,B03,B04,B08,B11,B12",samples\nf_sen2fire_0069.npz,GOOD,Sen2Fire nominal background terrain: scene1/scene1/scene_1_patch_11_8.npz
nf_sen2fire_0070,NON_FIRE,SEN2FIRE,GROUND_TRUTH,38.62,23.88,2024-03-15T10:30:00Z,,12.0,,,"B02,B03,B04,B08,B11,B12",samples\nf_sen2fire_0070.npz,GOOD,Sen2Fire nominal background terrain: scene1/scene1/scene_1_patch_11_9.npz
nf_sen2fire_0071,NON_FIRE,SEN2FIRE,GROUND_TRUTH,38.63,23.88,2024-03-15T10:30:00Z,,12.0,,,"B02,B03,B04,B08,B11,B12",samples\nf_sen2fire_0071.npz,GOOD,Sen2Fire nominal background terrain: scene1/scene1/scene_1_patch_12_1.npz
nf_sen2fire_0072,NON_FIRE,SEN2FIRE,GROUND_TRUTH,38.64,23.88,2024-03-15T10:30:00Z,,12.0,,,"B02,B03,B04,B08,B11,B12",samples\nf_sen2fire_0072.npz,GOOD,Sen2Fire nominal background terrain: scene1/scene1/scene_1_patch_12_10.npz
nf_sen2fire_0073,NON_FIRE,SEN2FIRE,GROUND_TRUTH,38.65,23.88,2024-03-15T10:30:00Z,,12.0,,,"B02,B03,B04,B08,B11,B12",samples\nf_sen2fire_0073.npz,GOOD,Sen2Fire nominal background terrain: scene1/scene1/scene_1_patch_12_11.npz
nf_sen2fire_0074,NON_FIRE,SEN2FIRE,GROUND_TRUTH,38.66,23.88,2024-03-15T10:30:00Z,,12.0,,,"B02,B03,B04,B08,B11,B12",samples\nf_sen2fire_0074.npz,GOOD,Sen2Fire nominal background terrain: scene1/scene1/scene_1_patch_12_12.npz
nf_sen2fire_0075,NON_FIRE,SEN2FIRE,GROUND_TRUTH,38.67,23.88,2024-03-15T10:30:00Z,,12.0,,,"B02,B03,B04,B08,B11,B12",samples\nf_sen2fire_0075.npz,GOOD,Sen2Fire nominal background terrain: scene1/scene1/scene_1_patch_12_13.npz
nf_sen2fire_0076,NON_FIRE,SEN2FIRE,GROUND_TRUTH,38.68,23.88,2024-03-15T10:30:00Z,,12.0,,,"B02,B03,B04,B08,B11,B12",samples\nf_sen2fire_0076.npz,GOOD,Sen2Fire nominal background terrain: scene1/scene1/scene_1_patch_12_14.npz
nf_sen2fire_0077,NON_FIRE,SEN2FIRE,GROUND_TRUTH,38.69,23.88,2024-03-15T10:30:00Z,,12.0,,,"B02,B03,B04,B08,B11,B12",samples\nf_sen2fire_0077.npz,GOOD,Sen2Fire nominal background terrain: scene1/scene1/scene_1_patch_12_15.npz
nf_sen2fire_0078,NON_FIRE,SEN2FIRE,GROUND_TRUTH,38.7,23.88,2024-03-15T10:30:00Z,,12.0,,,"B02,B03,B04,B08,B11,B12",samples\nf_sen2fire_0078.npz,GOOD,Sen2Fire nominal background terrain: scene1/scene1/scene_1_patch_12_16.npz
nf_sen2fire_0079,NON_FIRE,SEN2FIRE,GROUND_TRUTH,38.71,23.88,2024-03-15T10:30:00Z,,12.0,,,"B02,B03,B04,B08,B11,B12",samples\nf_sen2fire_0079.npz,GOOD,Sen2Fire nominal background terrain: scene1/scene1/scene_1_patch_12_17.npz
nf_sen2fire_0080,NON_FIRE,SEN2FIRE,GROUND_TRUTH,38.72,23.88,2024-03-15T10:30:00Z,,12.0,,,"B02,B03,B04,B08,B11,B12",samples\nf_sen2fire_0080.npz,GOOD,Sen2Fire nominal background terrain: scene1/scene1/scene_1_patch_12_18.npz
nf_sen2fire_0081,NON_FIRE,SEN2FIRE,GROUND_TRUTH,38.73,23.88,2024-03-15T10:30:00Z,,12.0,,,"B02,B03,B04,B08,B11,B12",samples\nf_sen2fire_0081.npz,GOOD,Sen2Fire nominal background terrain: scene1/scene1/scene_1_patch_12_19.npz
nf_sen2fire_0082,NON_FIRE,SEN2FIRE,GROUND_TRUTH,38.74,23.88,2024-03-15T10:30:00Z,,12.0,,,"B02,B03,B04,B08,B11,B12",samples\nf_sen2fire_0082.npz,GOOD,Sen2Fire nominal background terrain: scene1/scene1/scene_1_patch_12_2.npz
nf_sen2fire_0083,NON_FIRE,SEN2FIRE,GROUND_TRUTH,38.75,23.88,2024-03-15T10:30:00Z,,12.0,,,"B02,B03,B04,B08,B11,B12",samples\nf_sen2fire_0083.npz,GOOD,Sen2Fire nominal background terrain: scene1/scene1/scene_1_patch_12_20.npz
nf_sen2fire_0084,NON_FIRE,SEN2FIRE,GROUND_TRUTH,38.76,23.88,2024-03-15T10:30:00Z,,12.0,,,"B02,B03,B04,B08,B11,B12",samples\nf_sen2fire_0084.npz,GOOD,Sen2Fire nominal background terrain: scene1/scene1/scene_1_patch_12_21.npz
nf_sen2fire_0085,NON_FIRE,SEN2FIRE,GROUND_TRUTH,38.77,23.88,2024-03-15T10:30:00Z,,12.0,,,"B02,B03,B04,B08,B11,B12",samples\nf_sen2fire_0085.npz,GOOD,Sen2Fire nominal background terrain: scene1/scene1/scene_1_patch_12_22.npz
nf_sen2fire_0086,NON_FIRE,SEN2FIRE,GROUND_TRUTH,38.78,23.88,2024-03-15T10:30:00Z,,12.0,,,"B02,B03,B04,B08,B11,B12",samples\nf_sen2fire_0086.npz,GOOD,Sen2Fire nominal background terrain: scene1/scene1/scene_1_patch_12_23.npz
nf_sen2fire_0087,NON_FIRE,SEN2FIRE,GROUND_TRUTH,38.79,23.88,2024-03-15T10:30:00Z,,12.0,,,"B02,B03,B04,B08,B11,B12",samples\nf_sen2fire_0087.npz,GOOD,Sen2Fire nominal background terrain: scene1/scene1/scene_1_patch_12_24.npz
nf_sen2fire_0088,NON_FIRE,SEN2FIRE,GROUND_TRUTH,38.8,23.88,2024-03-15T10:30:00Z,,12.0,,,"B02,B03,B04,B08,B11,B12",samples\nf_sen2fire_0088.npz,GOOD,Sen2Fire nominal background terrain: scene1/scene1/scene_1_patch_12_25.npz
nf_sen2fire_0089,NON_FIRE,SEN2FIRE,GROUND_TRUTH,38.81,23.88,2024-03-15T10:30:00Z,,12.0,,,"B02,B03,B04,B08,B11,B12",samples\nf_sen2fire_0089.npz,GOOD,Sen2Fire nominal background terrain: scene1/scene1/scene_1_patch_12_26.npz
nf_sen2fire_0090,NON_FIRE,SEN2FIRE,GROUND_TRUTH,38.52,23.89,2024-03-15T10:30:00Z,,12.0,,,"B02,B03,B04,B08,B11,B12",samples\nf_sen2fire_0090.npz,GOOD,Sen2Fire nominal background terrain: scene1/scene1/scene_1_patch_12_27.npz
nf_sen2fire_0091,NON_FIRE,SEN2FIRE,GROUND_TRUTH,38.53,23.89,2024-03-15T10:30:00Z,,12.0,,,"B02,B03,B04,B08,B11,B12",samples\nf_sen2fire_0091.npz,GOOD,Sen2Fire nominal background terrain: scene1/scene1/scene_1_patch_12_3.npz
nf_sen2fire_0092,NON_FIRE,SEN2FIRE,GROUND_TRUTH,38.54,23.89,2024-03-15T10:30:00Z,,12.0,,,"B02,B03,B04,B08,B11,B12",samples\nf_sen2fire_0092.npz,GOOD,Sen2Fire nominal background terrain: scene1/scene1/scene_1_patch_12_4.npz
nf_sen2fire_0093,NON_FIRE,SEN2FIRE,GROUND_TRUTH,38.55,23.89,2024-03-15T10:30:00Z,,12.0,,,"B02,B03,B04,B08,B11,B12",samples\nf_sen2fire_0093.npz,GOOD,Sen2Fire nominal background terrain: scene1/scene1/scene_1_patch_12_5.npz
nf_sen2fire_0094,NON_FIRE,SEN2FIRE,GROUND_TRUTH,38.56,23.89,2024-03-15T10:30:00Z,,12.0,,,"B02,B03,B04,B08,B11,B12",samples\nf_sen2fire_0094.npz,GOOD,Sen2Fire nominal background terrain: scene1/scene1/scene_1_patch_12_6.npz
nf_sen2fire_0095,NON_FIRE,SEN2FIRE,GROUND_TRUTH,38.57,23.89,2024-03-15T10:30:00Z,,12.0,,,"B02,B03,B04,B08,B11,B12",samples\nf_sen2fire_0095.npz,GOOD,Sen2Fire nominal background terrain: scene1/scene1/scene_1_patch_12_7.npz
nf_sen2fire_0096,NON_FIRE,SEN2FIRE,GROUND_TRUTH,38.58,23.89,2024-03-15T10:30:00Z,,12.0,,,"B02,B03,B04,B08,B11,B12",samples\nf_sen2fire_0096.npz,GOOD,Sen2Fire nominal background terrain: scene1/scene1/scene_1_patch_12_8.npz
nf_sen2fire_0097,NON_FIRE,SEN2FIRE,GROUND_TRUTH,38.59,23.89,2024-03-15T10:30:00Z,,12.0,,,"B02,B03,B04,B08,B11,B12",samples\nf_sen2fire_0097.npz,GOOD,Sen2Fire nominal background terrain: scene1/scene1/scene_1_patch_12_9.npz
nf_sen2fire_0098,NON_FIRE,SEN2FIRE,GROUND_TRUTH,38.6,23.89,2024-03-15T10:30:00Z,,12.0,,,"B02,B03,B04,B08,B11,B12",samples\nf_sen2fire_0098.npz,GOOD,Sen2Fire nominal background terrain: scene1/scene1/scene_1_patch_13_1.npz
nf_sen2fire_0099,NON_FIRE,SEN2FIRE,GROUND_TRUTH,38.61,23.89,2024-03-15T10:30:00Z,,12.0,,,"B02,B03,B04,B08,B11,B12",samples\nf_sen2fire_0099.npz,GOOD,Sen2Fire nominal background terrain: scene1/scene1/scene_1_patch_13_10.npz
nf_sen2fire_0100,NON_FIRE,SEN2FIRE,GROUND_TRUTH,38.62,23.89,2024-03-15T10:30:00Z,,12.0,,,"B02,B03,B04,B08,B11,B12",samples\nf_sen2fire_0100.npz,GOOD,Sen2Fire nominal background terrain: scene1/scene1/scene_1_patch_13_11.npz
nf_sen2fire_0101,NON_FIRE,SEN2FIRE,GROUND_TRUTH,38.63,23.89,2024-03-15T10:30:00Z,,12.0,,,"B02,B03,B04,B08,B11,B12",samples\nf_sen2fire_0101.npz,GOOD,Sen2Fire nominal background terrain: scene1/scene1/scene_1_patch_13_12.npz
nf_sen2fire_0102,NON_FIRE,SEN2FIRE,GROUND_TRUTH,38.64,23.89,2024-03-15T10:30:00Z,,12.0,,,"B02,B03,B04,B08,B11,B12",samples\nf_sen2fire_0102.npz,GOOD,Sen2Fire nominal background terrain: scene1/scene1/scene_1_patch_13_13.npz
nf_sen2fire_0103,NON_FIRE,SEN2FIRE,GROUND_TRUTH,38.65,23.89,2024-03-15T10:30:00Z,,12.0,,,"B02,B03,B04,B08,B11,B12",samples\nf_sen2fire_0103.npz,GOOD,Sen2Fire nominal background terrain: scene1/scene1/scene_1_patch_13_14.npz
nf_sen2fire_0104,NON_FIRE,SEN2FIRE,GROUND_TRUTH,38.66,23.89,2024-03-15T10:30:00Z,,12.0,,,"B02,B03,B04,B08,B11,B12",samples\nf_sen2fire_0104.npz,GOOD,Sen2Fire nominal background terrain: scene1/scene1/scene_1_patch_13_15.npz
nf_sen2fire_0105,NON_FIRE,SEN2FIRE,GROUND_TRUTH,38.67,23.89,2024-03-15T10:30:00Z,,12.0,,,"B02,B03,B04,B08,B11,B12",samples\nf_sen2fire_0105.npz,GOOD,Sen2Fire nominal background terrain: scene1/scene1/scene_1_patch_13_16.npz
nf_sen2fire_0106,NON_FIRE,SEN2FIRE,GROUND_TRUTH,38.68,23.89,2024-03-15T10:30:00Z,,12.0,,,"B02,B03,B04,B08,B11,B12",samples\nf_sen2fire_0106.npz,GOOD,Sen2Fire nominal background terrain: scene1/scene1/scene_1_patch_13_17.npz
nf_sen2fire_0107,NON_FIRE,SEN2FIRE,GROUND_TRUTH,38.69,23.89,2024-03-15T10:30:00Z,,12.0,,,"B02,B03,B04,B08,B11,B12",samples\nf_sen2fire_0107.npz,GOOD,Sen2Fire nominal background terrain: scene1/scene1/scene_1_patch_13_18.npz
nf_sen2fire_0108,NON_FIRE,SEN2FIRE,GROUND_TRUTH,38.7,23.89,2024-03-15T10:30:00Z,,12.0,,,"B02,B03,B04,B08,B11,B12",samples\nf_sen2fire_0108.npz,GOOD,Sen2Fire nominal background terrain: scene1/scene1/scene_1_patch_13_19.npz
nf_sen2fire_0109,NON_FIRE,SEN2FIRE,GROUND_TRUTH,38.71,23.89,2024-03-15T10:30:00Z,,12.0,,,"B02,B03,B04,B08,B11,B12",samples\nf_sen2fire_0109.npz,GOOD,Sen2Fire nominal background terrain: scene1/scene1/scene_1_patch_13_2.npz
nf_sen2fire_0110,NON_FIRE,SEN2FIRE,GROUND_TRUTH,38.72,23.89,2024-03-15T10:30:00Z,,12.0,,,"B02,B03,B04,B08,B11,B12",samples\nf_sen2fire_0110.npz,GOOD,Sen2Fire nominal background terrain: scene1/scene1/scene_1_patch_13_20.npz
nf_sen2fire_0111,NON_FIRE,SEN2FIRE,GROUND_TRUTH,38.73,23.89,2024-03-15T10:30:00Z,,12.0,,,"B02,B03,B04,B08,B11,B12",samples\nf_sen2fire_0111.npz,GOOD,Sen2Fire nominal background terrain: scene1/scene1/scene_1_patch_13_21.npz
nf_sen2fire_0112,NON_FIRE,SEN2FIRE,GROUND_TRUTH,38.74,23.89,2024-03-15T10:30:00Z,,12.0,,,"B02,B03,B04,B08,B11,B12",samples\nf_sen2fire_0112.npz,GOOD,Sen2Fire nominal background terrain: scene1/scene1/scene_1_patch_13_22.npz
nf_sen2fire_0113,NON_FIRE,SEN2FIRE,GROUND_TRUTH,38.75,23.89,2024-03-15T10:30:00Z,,12.0,,,"B02,B03,B04,B08,B11,B12",samples\nf_sen2fire_0113.npz,GOOD,Sen2Fire nominal background terrain: scene1/scene1/scene_1_patch_13_23.npz
nf_sen2fire_0114,NON_FIRE,SEN2FIRE,GROUND_TRUTH,38.76,23.89,2024-03-15T10:30:00Z,,12.0,,,"B02,B03,B04,B08,B11,B12",samples\nf_sen2fire_0114.npz,GOOD,Sen2Fire nominal background terrain: scene1/scene1/scene_1_patch_13_24.npz
nf_sen2fire_0115,NON_FIRE,SEN2FIRE,GROUND_TRUTH,38.77,23.89,2024-03-15T10:30:00Z,,12.0,,,"B02,B03,B04,B08,B11,B12",samples\nf_sen2fire_0115.npz,GOOD,Sen2Fire nominal background terrain: scene1/scene1/scene_1_patch_13_25.npz
nf_sen2fire_0116,NON_FIRE,SEN2FIRE,GROUND_TRUTH,38.78,23.89,2024-03-15T10:30:00Z,,12.0,,,"B02,B03,B04,B08,B11,B12",samples\nf_sen2fire_0116.npz,GOOD,Sen2Fire nominal background terrain: scene1/scene1/scene_1_patch_13_26.npz
nf_sen2fire_0117,NON_FIRE,SEN2FIRE,GROUND_TRUTH,38.79,23.89,2024-03-15T10:30:00Z,,12.0,,,"B02,B03,B04,B08,B11,B12",samples\nf_sen2fire_0117.npz,GOOD,Sen2Fire nominal background terrain: scene1/scene1/scene_1_patch_13_27.npz
nf_sen2fire_0118,NON_FIRE,SEN2FIRE,GROUND_TRUTH,38.8,23.89,2024-03-15T10:30:00Z,,12.0,,,"B02,B03,B04,B08,B11,B12",samples\nf_sen2fire_0118.npz,GOOD,Sen2Fire nominal background terrain: scene1/scene1/scene_1_patch_13_3.npz
nf_sen2fire_0119,NON_FIRE,SEN2FIRE,GROUND_TRUTH,38.81,23.89,2024-03-15T10:30:00Z,,12.0,,,"B02,B03,B04,B08,B11,B12",samples\nf_sen2fire_0119.npz,GOOD,Sen2Fire nominal background terrain: scene1/scene1/scene_1_patch_13_4.npz
nf_sen2fire_0120,NON_FIRE,SEN2FIRE,GROUND_TRUTH,38.52,23.9,2024-03-15T10:30:00Z,,12.0,,,"B02,B03,B04,B08,B11,B12",samples\nf_sen2fire_0120.npz,GOOD,Sen2Fire nominal background terrain: scene1/scene1/scene_1_patch_13_5.npz
nf_sen2fire_0121,NON_FIRE,SEN2FIRE,GROUND_TRUTH,38.53,23.9,2024-03-15T10:30:00Z,,12.0,,,"B02,B03,B04,B08,B11,B12",samples\nf_sen2fire_0121.npz,GOOD,Sen2Fire nominal background terrain: scene1/scene1/scene_1_patch_13_6.npz
nf_sen2fire_0122,NON_FIRE,SEN2FIRE,GROUND_TRUTH,38.54,23.9,2024-03-15T10:30:00Z,,12.0,,,"B02,B03,B04,B08,B11,B12",samples\nf_sen2fire_0122.npz,GOOD,Sen2Fire nominal background terrain: scene1/scene1/scene_1_patch_13_7.npz
nf_sen2fire_0123,NON_FIRE,SEN2FIRE,GROUND_TRUTH,38.55,23.9,2024-03-15T10:30:00Z,,12.0,,,"B02,B03,B04,B08,B11,B12",samples\nf_sen2fire_0123.npz,GOOD,Sen2Fire nominal background terrain: scene1/scene1/scene_1_patch_13_8.npz
nf_sen2fire_0124,NON_FIRE,SEN2FIRE,GROUND_TRUTH,38.56,23.9,2024-03-15T10:30:00Z,,12.0,,,"B02,B03,B04,B08,B11,B12",samples\nf_sen2fire_0124.npz,GOOD,Sen2Fire nominal background terrain: scene1/scene1/scene_1_patch_13_9.npz
nf_sen2fire_0125,NON_FIRE,SEN2FIRE,GROUND_TRUTH,38.57,23.9,2024-03-15T10:30:00Z,,12.0,,,"B02,B03,B04,B08,B11,B12",samples\nf_sen2fire_0125.npz,GOOD,Sen2Fire nominal background terrain: scene1/scene1/scene_1_patch_14_1.npz
nf_sen2fire_0126,NON_FIRE,SEN2FIRE,GROUND_TRUTH,38.58,23.9,2024-03-15T10:30:00Z,,12.0,,,"B02,B03,B04,B08,B11,B12",samples\nf_sen2fire_0126.npz,GOOD,Sen2Fire nominal background terrain: scene1/scene1/scene_1_patch_14_10.npz
nf_sen2fire_0127,NON_FIRE,SEN2FIRE,GROUND_TRUTH,38.59,23.9,2024-03-15T10:30:00Z,,12.0,,,"B02,B03,B04,B08,B11,B12",samples\nf_sen2fire_0127.npz,GOOD,Sen2Fire nominal background terrain: scene1/scene1/scene_1_patch_14_11.npz
nf_sen2fire_0128,NON_FIRE,SEN2FIRE,GROUND_TRUTH,38.6,23.9,2024-03-15T10:30:00Z,,12.0,,,"B02,B03,B04,B08,B11,B12",samples\nf_sen2fire_0128.npz,GOOD,Sen2Fire nominal background terrain: scene1/scene1/scene_1_patch_14_12.npz
nf_sen2fire_0129,NON_FIRE,SEN2FIRE,GROUND_TRUTH,38.61,23.9,2024-03-15T10:30:00Z,,12.0,,,"B02,B03,B04,B08,B11,B12",samples\nf_sen2fire_0129.npz,GOOD,Sen2Fire nominal background terrain: scene1/scene1/scene_1_patch_14_13.npz
nf_sen2fire_0130,NON_FIRE,SEN2FIRE,GROUND_TRUTH,38.62,23.9,2024-03-15T10:30:00Z,,12.0,,,"B02,B03,B04,B08,B11,B12",samples\nf_sen2fire_0130.npz,GOOD,Sen2Fire nominal background terrain: scene1/scene1/scene_1_patch_14_14.npz
nf_sen2fire_0131,NON_FIRE,SEN2FIRE,GROUND_TRUTH,38.63,23.9,2024-03-15T10:30:00Z,,12.0,,,"B02,B03,B04,B08,B11,B12",samples\nf_sen2fire_0131.npz,GOOD,Sen2Fire nominal background terrain: scene1/scene1/scene_1_patch_14_15.npz
nf_sen2fire_0132,NON_FIRE,SEN2FIRE,GROUND_TRUTH,38.64,23.9,2024-03-15T10:30:00Z,,12.0,,,"B02,B03,B04,B08,B11,B12",samples\nf_sen2fire_0132.npz,GOOD,Sen2Fire nominal background terrain: scene1/scene1/scene_1_patch_14_16.npz
nf_sen2fire_0133,NON_FIRE,SEN2FIRE,GROUND_TRUTH,38.65,23.9,2024-03-15T10:30:00Z,,12.0,,,"B02,B03,B04,B08,B11,B12",samples\nf_sen2fire_0133.npz,GOOD,Sen2Fire nominal background terrain: scene1/scene1/scene_1_patch_14_17.npz
nf_sen2fire_0134,NON_FIRE,SEN2FIRE,GROUND_TRUTH,38.66,23.9,2024-03-15T10:30:00Z,,12.0,,,"B02,B03,B04,B08,B11,B12",samples\nf_sen2fire_0134.npz,GOOD,Sen2Fire nominal background terrain: scene1/scene1/scene_1_patch_14_18.npz
nf_sen2fire_0135,NON_FIRE,SEN2FIRE,GROUND_TRUTH,38.67,23.9,2024-03-15T10:30:00Z,,12.0,,,"B02,B03,B04,B08,B11,B12",samples\nf_sen2fire_0135.npz,GOOD,Sen2Fire nominal background terrain: scene1/scene1/scene_1_patch_14_19.npz
nf_sen2fire_0136,NON_FIRE,SEN2FIRE,GROUND_TRUTH,38.68,23.9,2024-03-15T10:30:00Z,,12.0,,,"B02,B03,B04,B08,B11,B12",samples\nf_sen2fire_0136.npz,GOOD,Sen2Fire nominal background terrain: scene1/scene1/scene_1_patch_14_2.npz
nf_sen2fire_0137,NON_FIRE,SEN2FIRE,GROUND_TRUTH,38.69,23.9,2024-03-15T10:30:00Z,,12.0,,,"B02,B03,B04,B08,B11,B12",samples\nf_sen2fire_0137.npz,GOOD,Sen2Fire nominal background terrain: scene1/scene1/scene_1_patch_14_20.npz
nf_sen2fire_0138,NON_FIRE,SEN2FIRE,GROUND_TRUTH,38.7,23.9,2024-03-15T10:30:00Z,,12.0,,,"B02,B03,B04,B08,B11,B12",samples\nf_sen2fire_0138.npz,GOOD,Sen2Fire nominal background terrain: scene1/scene1/scene_1_patch_14_21.npz
nf_sen2fire_0139,NON_FIRE,SEN2FIRE,GROUND_TRUTH,38.71,23.9,2024-03-15T10:30:00Z,,12.0,,,"B02,B03,B04,B08,B11,B12",samples\nf_sen2fire_0139.npz,GOOD,Sen2Fire nominal background terrain: scene1/scene1/scene_1_patch_14_22.npz
nf_sen2fire_0140,NON_FIRE,SEN2FIRE,GROUND_TRUTH,38.72,23.9,2024-03-15T10:30:00Z,,12.0,,,"B02,B03,B04,B08,B11,B12",samples\nf_sen2fire_0140.npz,GOOD,Sen2Fire nominal background terrain: scene1/scene1/scene_1_patch_14_23.npz
nf_sen2fire_0141,NON_FIRE,SEN2FIRE,GROUND_TRUTH,38.73,23.9,2024-03-15T10:30:00Z,,12.0,,,"B02,B03,B04,B08,B11,B12",samples\nf_sen2fire_0141.npz,GOOD,Sen2Fire nominal background terrain: scene1/scene1/scene_1_patch_14_24.npz
nf_sen2fire_0142,NON_FIRE,SEN2FIRE,GROUND_TRUTH,38.74,23.9,2024-03-15T10:30:00Z,,12.0,,,"B02,B03,B04,B08,B11,B12",samples\nf_sen2fire_0142.npz,GOOD,Sen2Fire nominal background terrain: scene1/scene1/scene_1_patch_14_25.npz
nf_sen2fire_0143,NON_FIRE,SEN2FIRE,GROUND_TRUTH,38.75,23.9,2024-03-15T10:30:00Z,,12.0,,,"B02,B03,B04,B08,B11,B12",samples\nf_sen2fire_0143.npz,GOOD,Sen2Fire nominal background terrain: scene1/scene1/scene_1_patch_14_26.npz
nf_sen2fire_0144,NON_FIRE,SEN2FIRE,GROUND_TRUTH,38.76,23.9,2024-03-15T10:30:00Z,,12.0,,,"B02,B03,B04,B08,B11,B12",samples\nf_sen2fire_0144.npz,GOOD,Sen2Fire nominal background terrain: scene1/scene1/scene_1_patch_14_27.npz
nf_sen2fire_0145,NON_FIRE,SEN2FIRE,GROUND_TRUTH,38.77,23.9,2024-03-15T10:30:00Z,,12.0,,,"B02,B03,B04,B08,B11,B12",samples\nf_sen2fire_0145.npz,GOOD,Sen2Fire nominal background terrain: scene1/scene1/scene_1_patch_14_3.npz
nf_sen2fire_0146,NON_FIRE,SEN2FIRE,GROUND_TRUTH,38.78,23.9,2024-03-15T10:30:00Z,,12.0,,,"B02,B03,B04,B08,B11,B12",samples\nf_sen2fire_0146.npz,GOOD,Sen2Fire nominal background terrain: scene1/scene1/scene_1_patch_14_4.npz
nf_sen2fire_0147,NON_FIRE,SEN2FIRE,GROUND_TRUTH,38.79,23.9,2024-03-15T10:30:00Z,,12.0,,,"B02,B03,B04,B08,B11,B12",samples\nf_sen2fire_0147.npz,GOOD,Sen2Fire nominal background terrain: scene1/scene1/scene_1_patch_14_5.npz
nf_sen2fire_0148,NON_FIRE,SEN2FIRE,GROUND_TRUTH,38.8,23.9,2024-03-15T10:30:00Z,,12.0,,,"B02,B03,B04,B08,B11,B12",samples\nf_sen2fire_0148.npz,GOOD,Sen2Fire nominal background terrain: scene1/scene1/scene_1_patch_14_6.npz
nf_sen2fire_0149,NON_FIRE,SEN2FIRE,GROUND_TRUTH,38.81,23.9,2024-03-15T10:30:00Z,,12.0,,,"B02,B03,B04,B08,B11,B12",samples\nf_sen2fire_0149.npz,GOOD,Sen2Fire nominal background terrain: scene1/scene1/scene_1_patch_14_7.npz
nf_sen2fire_0150,NON_FIRE,SEN2FIRE,GROUND_TRUTH,38.52,23.91,2024-03-15T10:30:00Z,,12.0,,,"B02,B03,B04,B08,B11,B12",samples\nf_sen2fire_0150.npz,GOOD,Sen2Fire nominal background terrain: scene1/scene1/scene_1_patch_14_8.npz
nf_sen2fire_0151,NON_FIRE,SEN2FIRE,GROUND_TRUTH,38.53,23.91,2024-03-15T10:30:00Z,,12.0,,,"B02,B03,B04,B08,B11,B12",samples\nf_sen2fire_0151.npz,GOOD,Sen2Fire nominal background terrain: scene1/scene1/scene_1_patch_14_9.npz
nf_sen2fire_0152,NON_FIRE,SEN2FIRE,GROUND_TRUTH,38.54,23.91,2024-03-15T10:30:00Z,,12.0,,,"B02,B03,B04,B08,B11,B12",samples\nf_sen2fire_0152.npz,GOOD,Sen2Fire nominal background terrain: scene1/scene1/scene_1_patch_15_1.npz
nf_sen2fire_0153,NON_FIRE,SEN2FIRE,GROUND_TRUTH,38.55,23.91,2024-03-15T10:30:00Z,,12.0,,,"B02,B03,B04,B08,B11,B12",samples\nf_sen2fire_0153.npz,GOOD,Sen2Fire nominal background terrain: scene1/scene1/scene_1_patch_15_10.npz
nf_sen2fire_0154,NON_FIRE,SEN2FIRE,GROUND_TRUTH,38.56,23.91,2024-03-15T10:30:00Z,,12.0,,,"B02,B03,B04,B08,B11,B12",samples\nf_sen2fire_0154.npz,GOOD,Sen2Fire nominal background terrain: scene1/scene1/scene_1_patch_15_11.npz
nf_sen2fire_0155,NON_FIRE,SEN2FIRE,GROUND_TRUTH,38.57,23.91,2024-03-15T10:30:00Z,,12.0,,,"B02,B03,B04,B08,B11,B12",samples\nf_sen2fire_0155.npz,GOOD,Sen2Fire nominal background terrain: scene1/scene1/scene_1_patch_15_12.npz
nf_sen2fire_0156,NON_FIRE,SEN2FIRE,GROUND_TRUTH,38.58,23.91,2024-03-15T10:30:00Z,,12.0,,,"B02,B03,B04,B08,B11,B12",samples\nf_sen2fire_0156.npz,GOOD,Sen2Fire nominal background terrain: scene1/scene1/scene_1_patch_15_13.npz
nf_sen2fire_0157,NON_FIRE,SEN2FIRE,GROUND_TRUTH,38.59,23.91,2024-03-15T10:30:00Z,,12.0,,,"B02,B03,B04,B08,B11,B12",samples\nf_sen2fire_0157.npz,GOOD,Sen2Fire nominal background terrain: scene1/scene1/scene_1_patch_15_14.npz
nf_sen2fire_0158,NON_FIRE,SEN2FIRE,GROUND_TRUTH,38.6,23.91,2024-03-15T10:30:00Z,,12.0,,,"B02,B03,B04,B08,B11,B12",samples\nf_sen2fire_0158.npz,GOOD,Sen2Fire nominal background terrain: scene1/scene1/scene_1_patch_15_15.npz
nf_sen2fire_0159,NON_FIRE,SEN2FIRE,GROUND_TRUTH,38.61,23.91,2024-03-15T10:30:00Z,,12.0,,,"B02,B03,B04,B08,B11,B12",samples\nf_sen2fire_0159.npz,GOOD,Sen2Fire nominal background terrain: scene1/scene1/scene_1_patch_15_16.npz
nf_sen2fire_0160,NON_FIRE,SEN2FIRE,GROUND_TRUTH,38.62,23.91,2024-03-15T10:30:00Z,,12.0,,,"B02,B03,B04,B08,B11,B12",samples\nf_sen2fire_0160.npz,GOOD,Sen2Fire nominal background terrain: scene1/scene1/scene_1_patch_15_17.npz
nf_sen2fire_0161,NON_FIRE,SEN2FIRE,GROUND_TRUTH,38.63,23.91,2024-03-15T10:30:00Z,,12.0,,,"B02,B03,B04,B08,B11,B12",samples\nf_sen2fire_0161.npz,GOOD,Sen2Fire nominal background terrain: scene1/scene1/scene_1_patch_15_18.npz
nf_sen2fire_0162,NON_FIRE,SEN2FIRE,GROUND_TRUTH,38.64,23.91,2024-03-15T10:30:00Z,,12.0,,,"B02,B03,B04,B08,B11,B12",samples\nf_sen2fire_0162.npz,GOOD,Sen2Fire nominal background terrain: scene1/scene1/scene_1_patch_15_19.npz
nf_sen2fire_0163,NON_FIRE,SEN2FIRE,GROUND_TRUTH,38.65,23.91,2024-03-15T10:30:00Z,,12.0,,,"B02,B03,B04,B08,B11,B12",samples\nf_sen2fire_0163.npz,GOOD,Sen2Fire nominal background terrain: scene1/scene1/scene_1_patch_15_2.npz
nf_sen2fire_0164,NON_FIRE,SEN2FIRE,GROUND_TRUTH,38.66,23.91,2024-03-15T10:30:00Z,,12.0,,,"B02,B03,B04,B08,B11,B12",samples\nf_sen2fire_0164.npz,GOOD,Sen2Fire nominal background terrain: scene1/scene1/scene_1_patch_15_20.npz
nf_sen2fire_0165,NON_FIRE,SEN2FIRE,GROUND_TRUTH,38.67,23.91,2024-03-15T10:30:00Z,,12.0,,,"B02,B03,B04,B08,B11,B12",samples\nf_sen2fire_0165.npz,GOOD,Sen2Fire nominal background terrain: scene1/scene1/scene_1_patch_15_21.npz
nf_sen2fire_0166,NON_FIRE,SEN2FIRE,GROUND_TRUTH,38.68,23.91,2024-03-15T10:30:00Z,,12.0,,,"B02,B03,B04,B08,B11,B12",samples\nf_sen2fire_0166.npz,GOOD,Sen2Fire nominal background terrain: scene1/scene1/scene_1_patch_15_22.npz
nf_sen2fire_0167,NON_FIRE,SEN2FIRE,GROUND_TRUTH,38.69,23.91,2024-03-15T10:30:00Z,,12.0,,,"B02,B03,B04,B08,B11,B12",samples\nf_sen2fire_0167.npz,GOOD,Sen2Fire nominal background terrain: scene1/scene1/scene_1_patch_15_23.npz
nf_sen2fire_0168,NON_FIRE,SEN2FIRE,GROUND_TRUTH,38.7,23.91,2024-03-15T10:30:00Z,,12.0,,,"B02,B03,B04,B08,B11,B12",samples\nf_sen2fire_0168.npz,GOOD,Sen2Fire nominal background terrain: scene1/scene1/scene_1_patch_15_24.npz
nf_sen2fire_0169,NON_FIRE,SEN2FIRE,GROUND_TRUTH,38.71,23.91,2024-03-15T10:30:00Z,,12.0,,,"B02,B03,B04,B08,B11,B12",samples\nf_sen2fire_0169.npz,GOOD,Sen2Fire nominal background terrain: scene1/scene1/scene_1_patch_15_25.npz
nf_sen2fire_0170,NON_FIRE,SEN2FIRE,GROUND_TRUTH,38.72,23.91,2024-03-15T10:30:00Z,,12.0,,,"B02,B03,B04,B08,B11,B12",samples\nf_sen2fire_0170.npz,GOOD,Sen2Fire nominal background terrain: scene1/scene1/scene_1_patch_15_26.npz
nf_sen2fire_0171,NON_FIRE,SEN2FIRE,GROUND_TRUTH,38.73,23.91,2024-03-15T10:30:00Z,,12.0,,,"B02,B03,B04,B08,B11,B12",samples\nf_sen2fire_0171.npz,GOOD,Sen2Fire nominal background terrain: scene1/scene1/scene_1_patch_15_27.npz
nf_sen2fire_0172,NON_FIRE,SEN2FIRE,GROUND_TRUTH,38.74,23.91,2024-03-15T10:30:00Z,,12.0,,,"B02,B03,B04,B08,B11,B12",samples\nf_sen2fire_0172.npz,GOOD,Sen2Fire nominal background terrain: scene1/scene1/scene_1_patch_15_3.npz
nf_sen2fire_0173,NON_FIRE,SEN2FIRE,GROUND_TRUTH,38.75,23.91,2024-03-15T10:30:00Z,,12.0,,,"B02,B03,B04,B08,B11,B12",samples\nf_sen2fire_0173.npz,GOOD,Sen2Fire nominal background terrain: scene1/scene1/scene_1_patch_15_4.npz
nf_sen2fire_0174,NON_FIRE,SEN2FIRE,GROUND_TRUTH,38.76,23.91,2024-03-15T10:30:00Z,,12.0,,,"B02,B03,B04,B08,B11,B12",samples\nf_sen2fire_0174.npz,GOOD,Sen2Fire nominal background terrain: scene1/scene1/scene_1_patch_15_5.npz
nf_sen2fire_0175,NON_FIRE,SEN2FIRE,GROUND_TRUTH,38.77,23.91,2024-03-15T10:30:00Z,,12.0,,,"B02,B03,B04,B08,B11,B12",samples\nf_sen2fire_0175.npz,GOOD,Sen2Fire nominal background terrain: scene1/scene1/scene_1_patch_15_6.npz
nf_sen2fire_0176,NON_FIRE,SEN2FIRE,GROUND_TRUTH,38.78,23.91,2024-03-15T10:30:00Z,,12.0,,,"B02,B03,B04,B08,B11,B12",samples\nf_sen2fire_0176.npz,GOOD,Sen2Fire nominal background terrain: scene1/scene1/scene_1_patch_15_7.npz
nf_sen2fire_0177,NON_FIRE,SEN2FIRE,GROUND_TRUTH,38.79,23.91,2024-03-15T10:30:00Z,,12.0,,,"B02,B03,B04,B08,B11,B12",samples\nf_sen2fire_0177.npz,GOOD,Sen2Fire nominal background terrain: scene1/scene1/scene_1_patch_15_8.npz
nf_sen2fire_0178,NON_FIRE,SEN2FIRE,GROUND_TRUTH,38.8,23.91,2024-03-15T10:30:00Z,,12.0,,,"B02,B03,B04,B08,B11,B12",samples\nf_sen2fire_0178.npz,GOOD,Sen2Fire nominal background terrain: scene1/scene1/scene_1_patch_15_9.npz
nf_sen2fire_0179,NON_FIRE,SEN2FIRE,GROUND_TRUTH,38.81,23.91,2024-03-15T10:30:00Z,,12.0,,,"B02,B03,B04,B08,B11,B12",samples\nf_sen2fire_0179.npz,GOOD,Sen2Fire nominal background terrain: scene1/scene1/scene_1_patch_16_1.npz
nf_sen2fire_0180,NON_FIRE,SEN2FIRE,GROUND_TRUTH,38.52,23.92,2024-03-15T10:30:00Z,,12.0,,,"B02,B03,B04,B08,B11,B12",samples\nf_sen2fire_0180.npz,GOOD,Sen2Fire nominal background terrain: scene1/scene1/scene_1_patch_16_10.npz
nf_sen2fire_0181,NON_FIRE,SEN2FIRE,GROUND_TRUTH,38.53,23.92,2024-03-15T10:30:00Z,,12.0,,,"B02,B03,B04,B08,B11,B12",samples\nf_sen2fire_0181.npz,GOOD,Sen2Fire nominal background terrain: scene1/scene1/scene_1_patch_16_11.npz
nf_sen2fire_0182,NON_FIRE,SEN2FIRE,GROUND_TRUTH,38.54,23.92,2024-03-15T10:30:00Z,,12.0,,,"B02,B03,B04,B08,B11,B12",samples\nf_sen2fire_0182.npz,GOOD,Sen2Fire nominal background terrain: scene1/scene1/scene_1_patch_16_12.npz
nf_sen2fire_0183,NON_FIRE,SEN2FIRE,GROUND_TRUTH,38.55,23.92,2024-03-15T10:30:00Z,,12.0,,,"B02,B03,B04,B08,B11,B12",samples\nf_sen2fire_0183.npz,GOOD,Sen2Fire nominal background terrain: scene1/scene1/scene_1_patch_16_13.npz
nf_sen2fire_0184,NON_FIRE,SEN2FIRE,GROUND_TRUTH,38.56,23.92,2024-03-15T10:30:00Z,,12.0,,,"B02,B03,B04,B08,B11,B12",samples\nf_sen2fire_0184.npz,GOOD,Sen2Fire nominal background terrain: scene1/scene1/scene_1_patch_16_14.npz
nf_sen2fire_0185,NON_FIRE,SEN2FIRE,GROUND_TRUTH,38.57,23.92,2024-03-15T10:30:00Z,,12.0,,,"B02,B03,B04,B08,B11,B12",samples\nf_sen2fire_0185.npz,GOOD,Sen2Fire nominal background terrain: scene1/scene1/scene_1_patch_16_15.npz
nf_sen2fire_0186,NON_FIRE,SEN2FIRE,GROUND_TRUTH,38.58,23.92,2024-03-15T10:30:00Z,,12.0,,,"B02,B03,B04,B08,B11,B12",samples\nf_sen2fire_0186.npz,GOOD,Sen2Fire nominal background terrain: scene1/scene1/scene_1_patch_16_16.npz
nf_sen2fire_0187,NON_FIRE,SEN2FIRE,GROUND_TRUTH,38.59,23.92,2024-03-15T10:30:00Z,,12.0,,,"B02,B03,B04,B08,B11,B12",samples\nf_sen2fire_0187.npz,GOOD,Sen2Fire nominal background terrain: scene1/scene1/scene_1_patch_16_17.npz
nf_sen2fire_0188,NON_FIRE,SEN2FIRE,GROUND_TRUTH,38.6,23.92,2024-03-15T10:30:00Z,,12.0,,,"B02,B03,B04,B08,B11,B12",samples\nf_sen2fire_0188.npz,GOOD,Sen2Fire nominal background terrain: scene1/scene1/scene_1_patch_16_18.npz
nf_sen2fire_0189,NON_FIRE,SEN2FIRE,GROUND_TRUTH,38.61,23.92,2024-03-15T10:30:00Z,,12.0,,,"B02,B03,B04,B08,B11,B12",samples\nf_sen2fire_0189.npz,GOOD,Sen2Fire nominal background terrain: scene1/scene1/scene_1_patch_16_19.npz
nf_sen2fire_0190,NON_FIRE,SEN2FIRE,GROUND_TRUTH,38.62,23.92,2024-03-15T10:30:00Z,,12.0,,,"B02,B03,B04,B08,B11,B12",samples\nf_sen2fire_0190.npz,GOOD,Sen2Fire nominal background terrain: scene1/scene1/scene_1_patch_16_2.npz
nf_sen2fire_0191,NON_FIRE,SEN2FIRE,GROUND_TRUTH,38.63,23.92,2024-03-15T10:30:00Z,,12.0,,,"B02,B03,B04,B08,B11,B12",samples\nf_sen2fire_0191.npz,GOOD,Sen2Fire nominal background terrain: scene1/scene1/scene_1_patch_16_20.npz
nf_sen2fire_0192,NON_FIRE,SEN2FIRE,GROUND_TRUTH,38.64,23.92,2024-03-15T10:30:00Z,,12.0,,,"B02,B03,B04,B08,B11,B12",samples\nf_sen2fire_0192.npz,GOOD,Sen2Fire nominal background terrain: scene1/scene1/scene_1_patch_16_21.npz
nf_sen2fire_0193,NON_FIRE,SEN2FIRE,GROUND_TRUTH,38.65,23.92,2024-03-15T10:30:00Z,,12.0,,,"B02,B03,B04,B08,B11,B12",samples\nf_sen2fire_0193.npz,GOOD,Sen2Fire nominal background terrain: scene1/scene1/scene_1_patch_16_22.npz
nf_sen2fire_0194,NON_FIRE,SEN2FIRE,GROUND_TRUTH,38.66,23.92,2024-03-15T10:30:00Z,,12.0,,,"B02,B03,B04,B08,B11,B12",samples\nf_sen2fire_0194.npz,GOOD,Sen2Fire nominal background terrain: scene1/scene1/scene_1_patch_16_23.npz
nf_sen2fire_0195,NON_FIRE,SEN2FIRE,GROUND_TRUTH,38.67,23.92,2024-03-15T10:30:00Z,,12.0,,,"B02,B03,B04,B08,B11,B12",samples\nf_sen2fire_0195.npz,GOOD,Sen2Fire nominal background terrain: scene1/scene1/scene_1_patch_16_24.npz
nf_sen2fire_0196,NON_FIRE,SEN2FIRE,GROUND_TRUTH,38.68,23.92,2024-03-15T10:30:00Z,,12.0,,,"B02,B03,B04,B08,B11,B12",samples\nf_sen2fire_0196.npz,GOOD,Sen2Fire nominal background terrain: scene1/scene1/scene_1_patch_16_25.npz
nf_sen2fire_0197,NON_FIRE,SEN2FIRE,GROUND_TRUTH,38.69,23.92,2024-03-15T10:30:00Z,,12.0,,,"B02,B03,B04,B08,B11,B12",samples\nf_sen2fire_0197.npz,GOOD,Sen2Fire nominal background terrain: scene1/scene1/scene_1_patch_16_26.npz
nf_sen2fire_0198,NON_FIRE,SEN2FIRE,GROUND_TRUTH,38.7,23.92,2024-03-15T10:30:00Z,,12.0,,,"B02,B03,B04,B08,B11,B12",samples\nf_sen2fire_0198.npz,GOOD,Sen2Fire nominal background terrain: scene1/scene1/scene_1_patch_16_27.npz
nf_sen2fire_0199,NON_FIRE,SEN2FIRE,GROUND_TRUTH,38.71,23.92,2024-03-15T10:30:00Z,,12.0,,,"B02,B03,B04,B08,B11,B12",samples\nf_sen2fire_0199.npz,GOOD,Sen2Fire nominal background terrain: scene1/scene1/scene_1_patch_16_3.npz
nf_sen2fire_0200,NON_FIRE,SEN2FIRE,GROUND_TRUTH,38.72,23.92,2024-03-15T10:30:00Z,,12.0,,,"B02,B03,B04,B08,B11,B12",samples\nf_sen2fire_0200.npz,GOOD,Sen2Fire nominal background terrain: scene1/scene1/scene_1_patch_16_4.npz
nf_sen2fire_0201,NON_FIRE,SEN2FIRE,GROUND_TRUTH,38.73,23.92,2024-03-15T10:30:00Z,,12.0,,,"B02,B03,B04,B08,B11,B12",samples\nf_sen2fire_0201.npz,GOOD,Sen2Fire nominal background terrain: scene1/scene1/scene_1_patch_16_5.npz
nf_sen2fire_0202,NON_FIRE,SEN2FIRE,GROUND_TRUTH,38.74,23.92,2024-03-15T10:30:00Z,,12.0,,,"B02,B03,B04,B08,B11,B12",samples\nf_sen2fire_0202.npz,GOOD,Sen2Fire nominal background terrain: scene1/scene1/scene_1_patch_16_6.npz
nf_sen2fire_0203,NON_FIRE,SEN2FIRE,GROUND_TRUTH,38.75,23.92,2024-03-15T10:30:00Z,,12.0,,,"B02,B03,B04,B08,B11,B12",samples\nf_sen2fire_0203.npz,GOOD,Sen2Fire nominal background terrain: scene1/scene1/scene_1_patch_16_7.npz
nf_sen2fire_0204,NON_FIRE,SEN2FIRE,GROUND_TRUTH,38.76,23.92,2024-03-15T10:30:00Z,,12.0,,,"B02,B03,B04,B08,B11,B12",samples\nf_sen2fire_0204.npz,GOOD,Sen2Fire nominal background terrain: scene1/scene1/scene_1_patch_16_8.npz
nf_sen2fire_0205,NON_FIRE,SEN2FIRE,GROUND_TRUTH,38.77,23.92,2024-03-15T10:30:00Z,,12.0,,,"B02,B03,B04,B08,B11,B12",samples\nf_sen2fire_0205.npz,GOOD,Sen2Fire nominal background terrain: scene1/scene1/scene_1_patch_16_9.npz
nf_sen2fire_0206,NON_FIRE,SEN2FIRE,GROUND_TRUTH,38.78,23.92,2024-03-15T10:30:00Z,,12.0,,,"B02,B03,B04,B08,B11,B12",samples\nf_sen2fire_0206.npz,GOOD,Sen2Fire nominal background terrain: scene1/scene1/scene_1_patch_17_1.npz
nf_sen2fire_0207,NON_FIRE,SEN2FIRE,GROUND_TRUTH,38.79,23.92,2024-03-15T10:30:00Z,,12.0,,,"B02,B03,B04,B08,B11,B12",samples\nf_sen2fire_0207.npz,GOOD,Sen2Fire nominal background terrain: scene1/scene1/scene_1_patch_17_10.npz
nf_sen2fire_0208,NON_FIRE,SEN2FIRE,GROUND_TRUTH,38.8,23.92,2024-03-15T10:30:00Z,,12.0,,,"B02,B03,B04,B08,B11,B12",samples\nf_sen2fire_0208.npz,GOOD,Sen2Fire nominal background terrain: scene1/scene1/scene_1_patch_17_11.npz
nf_sen2fire_0209,NON_FIRE,SEN2FIRE,GROUND_TRUTH,38.81,23.92,2024-03-15T10:30:00Z,,12.0,,,"B02,B03,B04,B08,B11,B12",samples\nf_sen2fire_0209.npz,GOOD,Sen2Fire nominal background terrain: scene1/scene1/scene_1_patch_17_12.npz
nf_sen2fire_0210,NON_FIRE,SEN2FIRE,GROUND_TRUTH,38.52,23.93,2024-03-15T10:30:00Z,,12.0,,,"B02,B03,B04,B08,B11,B12",samples\nf_sen2fire_0210.npz,GOOD,Sen2Fire nominal background terrain: scene1/scene1/scene_1_patch_17_13.npz
nf_sen2fire_0211,NON_FIRE,SEN2FIRE,GROUND_TRUTH,38.53,23.93,2024-03-15T10:30:00Z,,12.0,,,"B02,B03,B04,B08,B11,B12",samples\nf_sen2fire_0211.npz,GOOD,Sen2Fire nominal background terrain: scene1/scene1/scene_1_patch_17_14.npz
nf_sen2fire_0212,NON_FIRE,SEN2FIRE,GROUND_TRUTH,38.54,23.93,2024-03-15T10:30:00Z,,12.0,,,"B02,B03,B04,B08,B11,B12",samples\nf_sen2fire_0212.npz,GOOD,Sen2Fire nominal background terrain: scene1/scene1/scene_1_patch_17_15.npz
nf_sen2fire_0213,NON_FIRE,SEN2FIRE,GROUND_TRUTH,38.55,23.93,2024-03-15T10:30:00Z,,12.0,,,"B02,B03,B04,B08,B11,B12",samples\nf_sen2fire_0213.npz,GOOD,Sen2Fire nominal background terrain: scene1/scene1/scene_1_patch_17_16.npz
nf_sen2fire_0214,NON_FIRE,SEN2FIRE,GROUND_TRUTH,38.56,23.93,2024-03-15T10:30:00Z,,12.0,,,"B02,B03,B04,B08,B11,B12",samples\nf_sen2fire_0214.npz,GOOD,Sen2Fire nominal background terrain: scene1/scene1/scene_1_patch_17_17.npz
nf_sen2fire_0215,NON_FIRE,SEN2FIRE,GROUND_TRUTH,38.57,23.93,2024-03-15T10:30:00Z,,12.0,,,"B02,B03,B04,B08,B11,B12",samples\nf_sen2fire_0215.npz,GOOD,Sen2Fire nominal background terrain: scene1/scene1/scene_1_patch_17_18.npz
nf_sen2fire_0216,NON_FIRE,SEN2FIRE,GROUND_TRUTH,38.58,23.93,2024-03-15T10:30:00Z,,12.0,,,"B02,B03,B04,B08,B11,B12",samples\nf_sen2fire_0216.npz,GOOD,Sen2Fire nominal background terrain: scene1/scene1/scene_1_patch_17_19.npz
nf_sen2fire_0217,NON_FIRE,SEN2FIRE,GROUND_TRUTH,38.59,23.93,2024-03-15T10:30:00Z,,12.0,,,"B02,B03,B04,B08,B11,B12",samples\nf_sen2fire_0217.npz,GOOD,Sen2Fire nominal background terrain: scene1/scene1/scene_1_patch_17_2.npz
nf_sen2fire_0218,NON_FIRE,SEN2FIRE,GROUND_TRUTH,38.6,23.93,2024-03-15T10:30:00Z,,12.0,,,"B02,B03,B04,B08,B11,B12",samples\nf_sen2fire_0218.npz,GOOD,Sen2Fire nominal background terrain: scene1/scene1/scene_1_patch_17_20.npz
nf_sen2fire_0219,NON_FIRE,SEN2FIRE,GROUND_TRUTH,38.61,23.93,2024-03-15T10:30:00Z,,12.0,,,"B02,B03,B04,B08,B11,B12",samples\nf_sen2fire_0219.npz,GOOD,Sen2Fire nominal background terrain: scene1/scene1/scene_1_patch_17_21.npz
nf_sen2fire_0220,NON_FIRE,SEN2FIRE,GROUND_TRUTH,38.62,23.93,2024-03-15T10:30:00Z,,12.0,,,"B02,B03,B04,B08,B11,B12",samples\nf_sen2fire_0220.npz,GOOD,Sen2Fire nominal background terrain: scene1/scene1/scene_1_patch_17_22.npz
nf_sen2fire_0221,NON_FIRE,SEN2FIRE,GROUND_TRUTH,38.63,23.93,2024-03-15T10:30:00Z,,12.0,,,"B02,B03,B04,B08,B11,B12",samples\nf_sen2fire_0221.npz,GOOD,Sen2Fire nominal background terrain: scene1/scene1/scene_1_patch_17_23.npz
nf_sen2fire_0222,NON_FIRE,SEN2FIRE,GROUND_TRUTH,38.64,23.93,2024-03-15T10:30:00Z,,12.0,,,"B02,B03,B04,B08,B11,B12",samples\nf_sen2fire_0222.npz,GOOD,Sen2Fire nominal background terrain: scene1/scene1/scene_1_patch_17_24.npz
nf_sen2fire_0223,NON_FIRE,SEN2FIRE,GROUND_TRUTH,38.65,23.93,2024-03-15T10:30:00Z,,12.0,,,"B02,B03,B04,B08,B11,B12",samples\nf_sen2fire_0223.npz,GOOD,Sen2Fire nominal background terrain: scene1/scene1/scene_1_patch_17_25.npz
nf_sen2fire_0224,NON_FIRE,SEN2FIRE,GROUND_TRUTH,38.66,23.93,2024-03-15T10:30:00Z,,12.0,,,"B02,B03,B04,B08,B11,B12",samples\nf_sen2fire_0224.npz,GOOD,Sen2Fire nominal background terrain: scene1/scene1/scene_1_patch_17_26.npz
nf_sen2fire_0225,NON_FIRE,SEN2FIRE,GROUND_TRUTH,38.67,23.93,2024-03-15T10:30:00Z,,12.0,,,"B02,B03,B04,B08,B11,B12",samples\nf_sen2fire_0225.npz,GOOD,Sen2Fire nominal background terrain: scene1/scene1/scene_1_patch_17_27.npz
nf_sen2fire_0226,NON_FIRE,SEN2FIRE,GROUND_TRUTH,38.68,23.93,2024-03-15T10:30:00Z,,12.0,,,"B02,B03,B04,B08,B11,B12",samples\nf_sen2fire_0226.npz,GOOD,Sen2Fire nominal background terrain: scene1/scene1/scene_1_patch_17_3.npz
nf_sen2fire_0227,NON_FIRE,SEN2FIRE,GROUND_TRUTH,38.69,23.93,2024-03-15T10:30:00Z,,12.0,,,"B02,B03,B04,B08,B11,B12",samples\nf_sen2fire_0227.npz,GOOD,Sen2Fire nominal background terrain: scene1/scene1/scene_1_patch_17_4.npz
nf_sen2fire_0228,NON_FIRE,SEN2FIRE,GROUND_TRUTH,38.7,23.93,2024-03-15T10:30:00Z,,12.0,,,"B02,B03,B04,B08,B11,B12",samples\nf_sen2fire_0228.npz,GOOD,Sen2Fire nominal background terrain: scene1/scene1/scene_1_patch_17_5.npz
nf_sen2fire_0229,NON_FIRE,SEN2FIRE,GROUND_TRUTH,38.71,23.93,2024-03-15T10:30:00Z,,12.0,,,"B02,B03,B04,B08,B11,B12",samples\nf_sen2fire_0229.npz,GOOD,Sen2Fire nominal background terrain: scene1/scene1/scene_1_patch_17_6.npz
nf_sen2fire_0230,NON_FIRE,SEN2FIRE,GROUND_TRUTH,38.72,23.93,2024-03-15T10:30:00Z,,12.0,,,"B02,B03,B04,B08,B11,B12",samples\nf_sen2fire_0230.npz,GOOD,Sen2Fire nominal background terrain: scene1/scene1/scene_1_patch_17_7.npz
nf_sen2fire_0231,NON_FIRE,SEN2FIRE,GROUND_TRUTH,38.73,23.93,2024-03-15T10:30:00Z,,12.0,,,"B02,B03,B04,B08,B11,B12",samples\nf_sen2fire_0231.npz,GOOD,Sen2Fire nominal background terrain: scene1/scene1/scene_1_patch_17_8.npz
nf_sen2fire_0232,NON_FIRE,SEN2FIRE,GROUND_TRUTH,38.74,23.93,2024-03-15T10:30:00Z,,12.0,,,"B02,B03,B04,B08,B11,B12",samples\nf_sen2fire_0232.npz,GOOD,Sen2Fire nominal background terrain: scene1/scene1/scene_1_patch_17_9.npz
nf_sen2fire_0233,NON_FIRE,SEN2FIRE,GROUND_TRUTH,38.75,23.93,2024-03-15T10:30:00Z,,12.0,,,"B02,B03,B04,B08,B11,B12",samples\nf_sen2fire_0233.npz,GOOD,Sen2Fire nominal background terrain: scene1/scene1/scene_1_patch_18_1.npz
nf_sen2fire_0234,NON_FIRE,SEN2FIRE,GROUND_TRUTH,38.76,23.93,2024-03-15T10:30:00Z,,12.0,,,"B02,B03,B04,B08,B11,B12",samples\nf_sen2fire_0234.npz,GOOD,Sen2Fire nominal background terrain: scene1/scene1/scene_1_patch_18_10.npz
nf_sen2fire_0235,NON_FIRE,SEN2FIRE,GROUND_TRUTH,38.77,23.93,2024-03-15T10:30:00Z,,12.0,,,"B02,B03,B04,B08,B11,B12",samples\nf_sen2fire_0235.npz,GOOD,Sen2Fire nominal background terrain: scene1/scene1/scene_1_patch_18_11.npz
nf_sen2fire_0236,NON_FIRE,SEN2FIRE,GROUND_TRUTH,38.78,23.93,2024-03-15T10:30:00Z,,12.0,,,"B02,B03,B04,B08,B11,B12",samples\nf_sen2fire_0236.npz,GOOD,Sen2Fire nominal background terrain: scene1/scene1/scene_1_patch_18_12.npz
nf_sen2fire_0237,NON_FIRE,SEN2FIRE,GROUND_TRUTH,38.79,23.93,2024-03-15T10:30:00Z,,12.0,,,"B02,B03,B04,B08,B11,B12",samples\nf_sen2fire_0237.npz,GOOD,Sen2Fire nominal background terrain: scene1/scene1/scene_1_patch_18_13.npz
nf_sen2fire_0238,NON_FIRE,SEN2FIRE,GROUND_TRUTH,38.8,23.93,2024-03-15T10:30:00Z,,12.0,,,"B02,B03,B04,B08,B11,B12",samples\nf_sen2fire_0238.npz,GOOD,Sen2Fire nominal background terrain: scene1/scene1/scene_1_patch_18_14.npz
nf_sen2fire_0239,NON_FIRE,SEN2FIRE,GROUND_TRUTH,38.81,23.93,2024-03-15T10:30:00Z,,12.0,,,"B02,B03,B04,B08,B11,B12",samples\nf_sen2fire_0239.npz,GOOD,Sen2Fire nominal background terrain: scene1/scene1/scene_1_patch_18_15.npz
nf_sen2fire_0240,NON_FIRE,SEN2FIRE,GROUND_TRUTH,38.52,23.94,2024-03-15T10:30:00Z,,12.0,,,"B02,B03,B04,B08,B11,B12",samples\nf_sen2fire_0240.npz,GOOD,Sen2Fire nominal background terrain: scene1/scene1/scene_1_patch_18_16.npz
nf_sen2fire_0241,NON_FIRE,SEN2FIRE,GROUND_TRUTH,38.53,23.94,2024-03-15T10:30:00Z,,12.0,,,"B02,B03,B04,B08,B11,B12",samples\nf_sen2fire_0241.npz,GOOD,Sen2Fire nominal background terrain: scene1/scene1/scene_1_patch_18_17.npz
nf_sen2fire_0242,NON_FIRE,SEN2FIRE,GROUND_TRUTH,38.54,23.94,2024-03-15T10:30:00Z,,12.0,,,"B02,B03,B04,B08,B11,B12",samples\nf_sen2fire_0242.npz,GOOD,Sen2Fire nominal background terrain: scene1/scene1/scene_1_patch_18_18.npz
nf_sen2fire_0243,NON_FIRE,SEN2FIRE,GROUND_TRUTH,38.55,23.94,2024-03-15T10:30:00Z,,12.0,,,"B02,B03,B04,B08,B11,B12",samples\nf_sen2fire_0243.npz,GOOD,Sen2Fire nominal background terrain: scene1/scene1/scene_1_patch_18_19.npz
nf_sen2fire_0244,NON_FIRE,SEN2FIRE,GROUND_TRUTH,38.56,23.94,2024-03-15T10:30:00Z,,12.0,,,"B02,B03,B04,B08,B11,B12",samples\nf_sen2fire_0244.npz,GOOD,Sen2Fire nominal background terrain: scene1/scene1/scene_1_patch_18_2.npz
nf_sen2fire_0245,NON_FIRE,SEN2FIRE,GROUND_TRUTH,38.57,23.94,2024-03-15T10:30:00Z,,12.0,,,"B02,B03,B04,B08,B11,B12",samples\nf_sen2fire_0245.npz,GOOD,Sen2Fire nominal background terrain: scene1/scene1/scene_1_patch_18_20.npz
nf_sen2fire_0246,NON_FIRE,SEN2FIRE,GROUND_TRUTH,38.58,23.94,2024-03-15T10:30:00Z,,12.0,,,"B02,B03,B04,B08,B11,B12",samples\nf_sen2fire_0246.npz,GOOD,Sen2Fire nominal background terrain: scene1/scene1/scene_1_patch_18_21.npz
nf_sen2fire_0247,NON_FIRE,SEN2FIRE,GROUND_TRUTH,38.59,23.94,2024-03-15T10:30:00Z,,12.0,,,"B02,B03,B04,B08,B11,B12",samples\nf_sen2fire_0247.npz,GOOD,Sen2Fire nominal background terrain: scene1/scene1/scene_1_patch_18_22.npz
nf_sen2fire_0248,NON_FIRE,SEN2FIRE,GROUND_TRUTH,38.6,23.94,2024-03-15T10:30:00Z,,12.0,,,"B02,B03,B04,B08,B11,B12",samples\nf_sen2fire_0248.npz,GOOD,Sen2Fire nominal background terrain: scene1/scene1/scene_1_patch_18_23.npz
nf_sen2fire_0249,NON_FIRE,SEN2FIRE,GROUND_TRUTH,38.61,23.94,2024-03-15T10:30:00Z,,12.0,,,"B02,B03,B04,B08,B11,B12",samples\nf_sen2fire_0249.npz,GOOD,Sen2Fire nominal background terrain: scene1/scene1/scene_1_patch_18_24.npz
nf_sen2fire_0250,NON_FIRE,SEN2FIRE,GROUND_TRUTH,38.62,23.94,2024-03-15T10:30:00Z,,12.0,,,"B02,B03,B04,B08,B11,B12",samples\nf_sen2fire_0250.npz,GOOD,Sen2Fire nominal background terrain: scene1/scene1/scene_1_patch_18_25.npz
nf_sen2fire_0251,NON_FIRE,SEN2FIRE,GROUND_TRUTH,38.63,23.94,2024-03-15T10:30:00Z,,12.0,,,"B02,B03,B04,B08,B11,B12",samples\nf_sen2fire_0251.npz,GOOD,Sen2Fire nominal background terrain: scene1/scene1/scene_1_patch_18_26.npz
nf_sen2fire_0252,NON_FIRE,SEN2FIRE,GROUND_TRUTH,38.64,23.94,2024-03-15T10:30:00Z,,12.0,,,"B02,B03,B04,B08,B11,B12",samples\nf_sen2fire_0252.npz,GOOD,Sen2Fire nominal background terrain: scene1/scene1/scene_1_patch_18_27.npz
nf_sen2fire_0253,NON_FIRE,SEN2FIRE,GROUND_TRUTH,38.65,23.94,2024-03-15T10:30:00Z,,12.0,,,"B02,B03,B04,B08,B11,B12",samples\nf_sen2fire_0253.npz,GOOD,Sen2Fire nominal background terrain: scene1/scene1/scene_1_patch_18_3.npz
nf_sen2fire_0254,NON_FIRE,SEN2FIRE,GROUND_TRUTH,38.66,23.94,2024-03-15T10:30:00Z,,12.0,,,"B02,B03,B04,B08,B11,B12",samples\nf_sen2fire_0254.npz,GOOD,Sen2Fire nominal background terrain: scene1/scene1/scene_1_patch_18_4.npz
nf_sen2fire_0255,NON_FIRE,SEN2FIRE,GROUND_TRUTH,38.67,23.94,2024-03-15T10:30:00Z,,12.0,,,"B02,B03,B04,B08,B11,B12",samples\nf_sen2fire_0255.npz,GOOD,Sen2Fire nominal background terrain: scene1/scene1/scene_1_patch_18_5.npz
nf_sen2fire_0256,NON_FIRE,SEN2FIRE,GROUND_TRUTH,38.68,23.94,2024-03-15T10:30:00Z,,12.0,,,"B02,B03,B04,B08,B11,B12",samples\nf_sen2fire_0256.npz,GOOD,Sen2Fire nominal background terrain: scene1/scene1/scene_1_patch_18_6.npz
nf_sen2fire_0257,NON_FIRE,SEN2FIRE,GROUND_TRUTH,38.69,23.94,2024-03-15T10:30:00Z,,12.0,,,"B02,B03,B04,B08,B11,B12",samples\nf_sen2fire_0257.npz,GOOD,Sen2Fire nominal background terrain: scene1/scene1/scene_1_patch_18_7.npz
nf_sen2fire_0258,NON_FIRE,SEN2FIRE,GROUND_TRUTH,38.7,23.94,2024-03-15T10:30:00Z,,12.0,,,"B02,B03,B04,B08,B11,B12",samples\nf_sen2fire_0258.npz,GOOD,Sen2Fire nominal background terrain: scene1/scene1/scene_1_patch_18_8.npz
nf_sen2fire_0259,NON_FIRE,SEN2FIRE,GROUND_TRUTH,38.71,23.94,2024-03-15T10:30:00Z,,12.0,,,"B02,B03,B04,B08,B11,B12",samples\nf_sen2fire_0259.npz,GOOD,Sen2Fire nominal background terrain: scene1/scene1/scene_1_patch_18_9.npz
nf_sen2fire_0260,NON_FIRE,SEN2FIRE,GROUND_TRUTH,38.72,23.94,2024-03-15T10:30:00Z,,12.0,,,"B02,B03,B04,B08,B11,B12",samples\nf_sen2fire_0260.npz,GOOD,Sen2Fire nominal background terrain: scene1/scene1/scene_1_patch_19_1.npz
nf_sen2fire_0261,NON_FIRE,SEN2FIRE,GROUND_TRUTH,38.73,23.94,2024-03-15T10:30:00Z,,12.0,,,"B02,B03,B04,B08,B11,B12",samples\nf_sen2fire_0261.npz,GOOD,Sen2Fire nominal background terrain: scene1/scene1/scene_1_patch_19_10.npz
nf_sen2fire_0262,NON_FIRE,SEN2FIRE,GROUND_TRUTH,38.74,23.94,2024-03-15T10:30:00Z,,12.0,,,"B02,B03,B04,B08,B11,B12",samples\nf_sen2fire_0262.npz,GOOD,Sen2Fire nominal background terrain: scene1/scene1/scene_1_patch_19_11.npz
nf_sen2fire_0263,NON_FIRE,SEN2FIRE,GROUND_TRUTH,38.75,23.94,2024-03-15T10:30:00Z,,12.0,,,"B02,B03,B04,B08,B11,B12",samples\nf_sen2fire_0263.npz,GOOD,Sen2Fire nominal background terrain: scene1/scene1/scene_1_patch_19_12.npz
nf_sen2fire_0264,NON_FIRE,SEN2FIRE,GROUND_TRUTH,38.76,23.94,2024-03-15T10:30:00Z,,12.0,,,"B02,B03,B04,B08,B11,B12",samples\nf_sen2fire_0264.npz,GOOD,Sen2Fire nominal background terrain: scene1/scene1/scene_1_patch_19_13.npz
nf_sen2fire_0265,NON_FIRE,SEN2FIRE,GROUND_TRUTH,38.77,23.94,2024-03-15T10:30:00Z,,12.0,,,"B02,B03,B04,B08,B11,B12",samples\nf_sen2fire_0265.npz,GOOD,Sen2Fire nominal background terrain: scene1/scene1/scene_1_patch_19_14.npz
nf_sen2fire_0266,NON_FIRE,SEN2FIRE,GROUND_TRUTH,38.78,23.94,2024-03-15T10:30:00Z,,12.0,,,"B02,B03,B04,B08,B11,B12",samples\nf_sen2fire_0266.npz,GOOD,Sen2Fire nominal background terrain: scene1/scene1/scene_1_patch_19_15.npz
nf_sen2fire_0267,NON_FIRE,SEN2FIRE,GROUND_TRUTH,38.79,23.94,2024-03-15T10:30:00Z,,12.0,,,"B02,B03,B04,B08,B11,B12",samples\nf_sen2fire_0267.npz,GOOD,Sen2Fire nominal background terrain: scene1/scene1/scene_1_patch_19_16.npz
nf_sen2fire_0268,NON_FIRE,SEN2FIRE,GROUND_TRUTH,38.8,23.94,2024-03-15T10:30:00Z,,12.0,,,"B02,B03,B04,B08,B11,B12",samples\nf_sen2fire_0268.npz,GOOD,Sen2Fire nominal background terrain: scene1/scene1/scene_1_patch_19_17.npz
nf_sen2fire_0269,NON_FIRE,SEN2FIRE,GROUND_TRUTH,38.81,23.94,2024-03-15T10:30:00Z,,12.0,,,"B02,B03,B04,B08,B11,B12",samples\nf_sen2fire_0269.npz,GOOD,Sen2Fire nominal background terrain: scene1/scene1/scene_1_patch_19_18.npz
nf_sen2fire_0270,NON_FIRE,SEN2FIRE,GROUND_TRUTH,38.52,23.95,2024-03-15T10:30:00Z,,12.0,,,"B02,B03,B04,B08,B11,B12",samples\nf_sen2fire_0270.npz,GOOD,Sen2Fire nominal background terrain: scene1/scene1/scene_1_patch_19_19.npz
nf_sen2fire_0271,NON_FIRE,SEN2FIRE,GROUND_TRUTH,38.53,23.95,2024-03-15T10:30:00Z,,12.0,,,"B02,B03,B04,B08,B11,B12",samples\nf_sen2fire_0271.npz,GOOD,Sen2Fire nominal background terrain: scene1/scene1/scene_1_patch_19_2.npz
nf_sen2fire_0272,NON_FIRE,SEN2FIRE,GROUND_TRUTH,38.54,23.95,2024-03-15T10:30:00Z,,12.0,,,"B02,B03,B04,B08,B11,B12",samples\nf_sen2fire_0272.npz,GOOD,Sen2Fire nominal background terrain: scene1/scene1/scene_1_patch_19_20.npz
nf_sen2fire_0273,NON_FIRE,SEN2FIRE,GROUND_TRUTH,38.55,23.95,2024-03-15T10:30:00Z,,12.0,,,"B02,B03,B04,B08,B11,B12",samples\nf_sen2fire_0273.npz,GOOD,Sen2Fire nominal background terrain: scene1/scene1/scene_1_patch_19_21.npz
nf_sen2fire_0274,NON_FIRE,SEN2FIRE,GROUND_TRUTH,38.56,23.95,2024-03-15T10:30:00Z,,12.0,,,"B02,B03,B04,B08,B11,B12",samples\nf_sen2fire_0274.npz,GOOD,Sen2Fire nominal background terrain: scene1/scene1/scene_1_patch_19_22.npz
nf_sen2fire_0275,NON_FIRE,SEN2FIRE,GROUND_TRUTH,38.57,23.95,2024-03-15T10:30:00Z,,12.0,,,"B02,B03,B04,B08,B11,B12",samples\nf_sen2fire_0275.npz,GOOD,Sen2Fire nominal background terrain: scene1/scene1/scene_1_patch_19_23.npz
nf_sen2fire_0276,NON_FIRE,SEN2FIRE,GROUND_TRUTH,38.58,23.95,2024-03-15T10:30:00Z,,12.0,,,"B02,B03,B04,B08,B11,B12",samples\nf_sen2fire_0276.npz,GOOD,Sen2Fire nominal background terrain: scene1/scene1/scene_1_patch_19_24.npz
nf_sen2fire_0277,NON_FIRE,SEN2FIRE,GROUND_TRUTH,38.59,23.95,2024-03-15T10:30:00Z,,12.0,,,"B02,B03,B04,B08,B11,B12",samples\nf_sen2fire_0277.npz,GOOD,Sen2Fire nominal background terrain: scene1/scene1/scene_1_patch_19_25.npz
nf_sen2fire_0278,NON_FIRE,SEN2FIRE,GROUND_TRUTH,38.6,23.95,2024-03-15T10:30:00Z,,12.0,,,"B02,B03,B04,B08,B11,B12",samples\nf_sen2fire_0278.npz,GOOD,Sen2Fire nominal background terrain: scene1/scene1/scene_1_patch_19_26.npz
nf_sen2fire_0279,NON_FIRE,SEN2FIRE,GROUND_TRUTH,38.61,23.95,2024-03-15T10:30:00Z,,12.0,,,"B02,B03,B04,B08,B11,B12",samples\nf_sen2fire_0279.npz,GOOD,Sen2Fire nominal background terrain: scene1/scene1/scene_1_patch_19_27.npz
nf_sen2fire_0280,NON_FIRE,SEN2FIRE,GROUND_TRUTH,38.62,23.95,2024-03-15T10:30:00Z,,12.0,,,"B02,B03,B04,B08,B11,B12",samples\nf_sen2fire_0280.npz,GOOD,Sen2Fire nominal background terrain: scene1/scene1/scene_1_patch_19_3.npz
nf_sen2fire_0281,NON_FIRE,SEN2FIRE,GROUND_TRUTH,38.63,23.95,2024-03-15T10:30:00Z,,12.0,,,"B02,B03,B04,B08,B11,B12",samples\nf_sen2fire_0281.npz,GOOD,Sen2Fire nominal background terrain: scene1/scene1/scene_1_patch_19_4.npz
nf_sen2fire_0282,NON_FIRE,SEN2FIRE,GROUND_TRUTH,38.64,23.95,2024-03-15T10:30:00Z,,12.0,,,"B02,B03,B04,B08,B11,B12",samples\nf_sen2fire_0282.npz,GOOD,Sen2Fire nominal background terrain: scene1/scene1/scene_1_patch_19_5.npz
nf_sen2fire_0283,NON_FIRE,SEN2FIRE,GROUND_TRUTH,38.65,23.95,2024-03-15T10:30:00Z,,12.0,,,"B02,B03,B04,B08,B11,B12",samples\nf_sen2fire_0283.npz,GOOD,Sen2Fire nominal background terrain: scene1/scene1/scene_1_patch_19_6.npz
nf_sen2fire_0284,NON_FIRE,SEN2FIRE,GROUND_TRUTH,38.66,23.95,2024-03-15T10:30:00Z,,12.0,,,"B02,B03,B04,B08,B11,B12",samples\nf_sen2fire_0284.npz,GOOD,Sen2Fire nominal background terrain: scene1/scene1/scene_1_patch_19_7.npz
nf_sen2fire_0285,NON_FIRE,SEN2FIRE,GROUND_TRUTH,38.67,23.95,2024-03-15T10:30:00Z,,12.0,,,"B02,B03,B04,B08,B11,B12",samples\nf_sen2fire_0285.npz,GOOD,Sen2Fire nominal background terrain: scene1/scene1/scene_1_patch_19_8.npz
nf_sen2fire_0286,NON_FIRE,SEN2FIRE,GROUND_TRUTH,38.68,23.95,2024-03-15T10:30:00Z,,12.0,,,"B02,B03,B04,B08,B11,B12",samples\nf_sen2fire_0286.npz,GOOD,Sen2Fire nominal background terrain: scene1/scene1/scene_1_patch_19_9.npz
nf_sen2fire_0287,NON_FIRE,SEN2FIRE,GROUND_TRUTH,38.69,23.95,2024-03-15T10:30:00Z,,12.0,,,"B02,B03,B04,B08,B11,B12",samples\nf_sen2fire_0287.npz,GOOD,Sen2Fire nominal background terrain: scene1/scene1/scene_1_patch_2_1.npz
nf_sen2fire_0288,NON_FIRE,SEN2FIRE,GROUND_TRUTH,38.7,23.95,2024-03-15T10:30:00Z,,12.0,,,"B02,B03,B04,B08,B11,B12",samples\nf_sen2fire_0288.npz,GOOD,Sen2Fire nominal background terrain: scene1/scene1/scene_1_patch_2_10.npz
nf_sen2fire_0289,NON_FIRE,SEN2FIRE,GROUND_TRUTH,38.71,23.95,2024-03-15T10:30:00Z,,12.0,,,"B02,B03,B04,B08,B11,B12",samples\nf_sen2fire_0289.npz,GOOD,Sen2Fire nominal background terrain: scene1/scene1/scene_1_patch_2_16.npz
nf_sen2fire_0290,NON_FIRE,SEN2FIRE,GROUND_TRUTH,38.72,23.95,2024-03-15T10:30:00Z,,12.0,,,"B02,B03,B04,B08,B11,B12",samples\nf_sen2fire_0290.npz,GOOD,Sen2Fire nominal background terrain: scene1/scene1/scene_1_patch_2_17.npz
nf_sen2fire_0291,NON_FIRE,SEN2FIRE,GROUND_TRUTH,38.73,23.95,2024-03-15T10:30:00Z,,12.0,,,"B02,B03,B04,B08,B11,B12",samples\nf_sen2fire_0291.npz,GOOD,Sen2Fire nominal background terrain: scene1/scene1/scene_1_patch_2_18.npz
nf_sen2fire_0292,NON_FIRE,SEN2FIRE,GROUND_TRUTH,38.74,23.95,2024-03-15T10:30:00Z,,12.0,,,"B02,B03,B04,B08,B11,B12",samples\nf_sen2fire_0292.npz,GOOD,Sen2Fire nominal background terrain: scene1/scene1/scene_1_patch_2_19.npz
nf_sen2fire_0293,NON_FIRE,SEN2FIRE,GROUND_TRUTH,38.75,23.95,2024-03-15T10:30:00Z,,12.0,,,"B02,B03,B04,B08,B11,B12",samples\nf_sen2fire_0293.npz,GOOD,Sen2Fire nominal background terrain: scene1/scene1/scene_1_patch_2_2.npz
nf_sen2fire_0294,NON_FIRE,SEN2FIRE,GROUND_TRUTH,38.76,23.95,2024-03-15T10:30:00Z,,12.0,,,"B02,B03,B04,B08,B11,B12",samples\nf_sen2fire_0294.npz,GOOD,Sen2Fire nominal background terrain: scene1/scene1/scene_1_patch_2_20.npz
nf_sen2fire_0295,NON_FIRE,SEN2FIRE,GROUND_TRUTH,38.77,23.95,2024-03-15T10:30:00Z,,12.0,,,"B02,B03,B04,B08,B11,B12",samples\nf_sen2fire_0295.npz,GOOD,Sen2Fire nominal background terrain: scene1/scene1/scene_1_patch_2_21.npz
nf_sen2fire_0296,NON_FIRE,SEN2FIRE,GROUND_TRUTH,38.78,23.95,2024-03-15T10:30:00Z,,12.0,,,"B02,B03,B04,B08,B11,B12",samples\nf_sen2fire_0296.npz,GOOD,Sen2Fire nominal background terrain: scene1/scene1/scene_1_patch_2_22.npz
nf_sen2fire_0297,NON_FIRE,SEN2FIRE,GROUND_TRUTH,38.79,23.95,2024-03-15T10:30:00Z,,12.0,,,"B02,B03,B04,B08,B11,B12",samples\nf_sen2fire_0297.npz,GOOD,Sen2Fire nominal background terrain: scene1/scene1/scene_1_patch_2_23.npz
nf_sen2fire_0298,NON_FIRE,SEN2FIRE,GROUND_TRUTH,38.8,23.95,2024-03-15T10:30:00Z,,12.0,,,"B02,B03,B04,B08,B11,B12",samples\nf_sen2fire_0298.npz,GOOD,Sen2Fire nominal background terrain: scene1/scene1/scene_1_patch_2_24.npz
nf_sen2fire_0299,NON_FIRE,SEN2FIRE,GROUND_TRUTH,38.81,23.95,2024-03-15T10:30:00Z,,12.0,,,"B02,B03,B04,B08,B11,B12",samples\nf_sen2fire_0299.npz,GOOD,Sen2Fire nominal background terrain: scene1/scene1/scene_1_patch_2_25.npz
nf_sen2fire_0300,NON_FIRE,SEN2FIRE,GROUND_TRUTH,38.52,23.96,2024-03-15T10:30:00Z,,12.0,,,"B02,B03,B04,B08,B11,B12",samples\nf_sen2fire_0300.npz,GOOD,Sen2Fire nominal background terrain: scene1/scene1/scene_1_patch_2_26.npz
nf_sen2fire_0301,NON_FIRE,SEN2FIRE,GROUND_TRUTH,38.53,23.96,2024-03-15T10:30:00Z,,12.0,,,"B02,B03,B04,B08,B11,B12",samples\nf_sen2fire_0301.npz,GOOD,Sen2Fire nominal background terrain: scene1/scene1/scene_1_patch_2_27.npz
nf_sen2fire_0302,NON_FIRE,SEN2FIRE,GROUND_TRUTH,38.54,23.96,2024-03-15T10:30:00Z,,12.0,,,"B02,B03,B04,B08,B11,B12",samples\nf_sen2fire_0302.npz,GOOD,Sen2Fire nominal background terrain: scene1/scene1/scene_1_patch_2_3.npz
nf_sen2fire_0303,NON_FIRE,SEN2FIRE,GROUND_TRUTH,38.55,23.96,2024-03-15T10:30:00Z,,12.0,,,"B02,B03,B04,B08,B11,B12",samples\nf_sen2fire_0303.npz,GOOD,Sen2Fire nominal background terrain: scene1/scene1/scene_1_patch_2_4.npz
nf_sen2fire_0304,NON_FIRE,SEN2FIRE,GROUND_TRUTH,38.56,23.96,2024-03-15T10:30:00Z,,12.0,,,"B02,B03,B04,B08,B11,B12",samples\nf_sen2fire_0304.npz,GOOD,Sen2Fire nominal background terrain: scene1/scene1/scene_1_patch_2_5.npz
nf_sen2fire_0305,NON_FIRE,SEN2FIRE,GROUND_TRUTH,38.57,23.96,2024-03-15T10:30:00Z,,12.0,,,"B02,B03,B04,B08,B11,B12",samples\nf_sen2fire_0305.npz,GOOD,Sen2Fire nominal background terrain: scene1/scene1/scene_1_patch_2_6.npz
nf_sen2fire_0306,NON_FIRE,SEN2FIRE,GROUND_TRUTH,38.58,23.96,2024-03-15T10:30:00Z,,12.0,,,"B02,B03,B04,B08,B11,B12",samples\nf_sen2fire_0306.npz,GOOD,Sen2Fire nominal background terrain: scene1/scene1/scene_1_patch_2_7.npz
nf_sen2fire_0307,NON_FIRE,SEN2FIRE,GROUND_TRUTH,38.59,23.96,2024-03-15T10:30:00Z,,12.0,,,"B02,B03,B04,B08,B11,B12",samples\nf_sen2fire_0307.npz,GOOD,Sen2Fire nominal background terrain: scene1/scene1/scene_1_patch_2_8.npz
nf_sen2fire_0308,NON_FIRE,SEN2FIRE,GROUND_TRUTH,38.6,23.96,2024-03-15T10:30:00Z,,12.0,,,"B02,B03,B04,B08,B11,B12",samples\nf_sen2fire_0308.npz,GOOD,Sen2Fire nominal background terrain: scene1/scene1/scene_1_patch_2_9.npz
nf_sen2fire_0309,NON_FIRE,SEN2FIRE,GROUND_TRUTH,38.61,23.96,2024-03-15T10:30:00Z,,12.0,,,"B02,B03,B04,B08,B11,B12",samples\nf_sen2fire_0309.npz,GOOD,Sen2Fire nominal background terrain: scene1/scene1/scene_1_patch_20_1.npz
nf_sen2fire_0310,NON_FIRE,SEN2FIRE,GROUND_TRUTH,38.62,23.96,2024-03-15T10:30:00Z,,12.0,,,"B02,B03,B04,B08,B11,B12",samples\nf_sen2fire_0310.npz,GOOD,Sen2Fire nominal background terrain: scene1/scene1/scene_1_patch_20_11.npz
nf_sen2fire_0311,NON_FIRE,SEN2FIRE,GROUND_TRUTH,38.63,23.96,2024-03-15T10:30:00Z,,12.0,,,"B02,B03,B04,B08,B11,B12",samples\nf_sen2fire_0311.npz,GOOD,Sen2Fire nominal background terrain: scene1/scene1/scene_1_patch_20_12.npz
nf_sen2fire_0312,NON_FIRE,SEN2FIRE,GROUND_TRUTH,38.64,23.96,2024-03-15T10:30:00Z,,12.0,,,"B02,B03,B04,B08,B11,B12",samples\nf_sen2fire_0312.npz,GOOD,Sen2Fire nominal background terrain: scene1/scene1/scene_1_patch_20_13.npz
nf_sen2fire_0313,NON_FIRE,SEN2FIRE,GROUND_TRUTH,38.65,23.96,2024-03-15T10:30:00Z,,12.0,,,"B02,B03,B04,B08,B11,B12",samples\nf_sen2fire_0313.npz,GOOD,Sen2Fire nominal background terrain: scene1/scene1/scene_1_patch_20_14.npz
nf_sen2fire_0314,NON_FIRE,SEN2FIRE,GROUND_TRUTH,38.66,23.96,2024-03-15T10:30:00Z,,12.0,,,"B02,B03,B04,B08,B11,B12",samples\nf_sen2fire_0314.npz,GOOD,Sen2Fire nominal background terrain: scene1/scene1/scene_1_patch_20_15.npz
nf_sen2fire_0315,NON_FIRE,SEN2FIRE,GROUND_TRUTH,38.67,23.96,2024-03-15T10:30:00Z,,12.0,,,"B02,B03,B04,B08,B11,B12",samples\nf_sen2fire_0315.npz,GOOD,Sen2Fire nominal background terrain: scene1/scene1/scene_1_patch_20_16.npz
nf_sen2fire_0316,NON_FIRE,SEN2FIRE,GROUND_TRUTH,38.68,23.96,2024-03-15T10:30:00Z,,12.0,,,"B02,B03,B04,B08,B11,B12",samples\nf_sen2fire_0316.npz,GOOD,Sen2Fire nominal background terrain: scene1/scene1/scene_1_patch_20_17.npz
nf_sen2fire_0317,NON_FIRE,SEN2FIRE,GROUND_TRUTH,38.69,23.96,2024-03-15T10:30:00Z,,12.0,,,"B02,B03,B04,B08,B11,B12",samples\nf_sen2fire_0317.npz,GOOD,Sen2Fire nominal background terrain: scene1/scene1/scene_1_patch_20_18.npz
nf_sen2fire_0318,NON_FIRE,SEN2FIRE,GROUND_TRUTH,38.7,23.96,2024-03-15T10:30:00Z,,12.0,,,"B02,B03,B04,B08,B11,B12",samples\nf_sen2fire_0318.npz,GOOD,Sen2Fire nominal background terrain: scene1/scene1/scene_1_patch_20_19.npz
nf_sen2fire_0319,NON_FIRE,SEN2FIRE,GROUND_TRUTH,38.71,23.96,2024-03-15T10:30:00Z,,12.0,,,"B02,B03,B04,B08,B11,B12",samples\nf_sen2fire_0319.npz,GOOD,Sen2Fire nominal background terrain: scene1/scene1/scene_1_patch_20_2.npz
nf_sen2fire_0320,NON_FIRE,SEN2FIRE,GROUND_TRUTH,38.72,23.96,2024-03-15T10:30:00Z,,12.0,,,"B02,B03,B04,B08,B11,B12",samples\nf_sen2fire_0320.npz,GOOD,Sen2Fire nominal background terrain: scene1/scene1/scene_1_patch_20_20.npz
nf_sen2fire_0321,NON_FIRE,SEN2FIRE,GROUND_TRUTH,38.73,23.96,2024-03-15T10:30:00Z,,12.0,,,"B02,B03,B04,B08,B11,B12",samples\nf_sen2fire_0321.npz,GOOD,Sen2Fire nominal background terrain: scene1/scene1/scene_1_patch_20_21.npz
nf_sen2fire_0322,NON_FIRE,SEN2FIRE,GROUND_TRUTH,38.74,23.96,2024-03-15T10:30:00Z,,12.0,,,"B02,B03,B04,B08,B11,B12",samples\nf_sen2fire_0322.npz,GOOD,Sen2Fire nominal background terrain: scene1/scene1/scene_1_patch_20_22.npz
nf_sen2fire_0323,NON_FIRE,SEN2FIRE,GROUND_TRUTH,38.75,23.96,2024-03-15T10:30:00Z,,12.0,,,"B02,B03,B04,B08,B11,B12",samples\nf_sen2fire_0323.npz,GOOD,Sen2Fire nominal background terrain: scene1/scene1/scene_1_patch_20_23.npz
nf_sen2fire_0324,NON_FIRE,SEN2FIRE,GROUND_TRUTH,38.76,23.96,2024-03-15T10:30:00Z,,12.0,,,"B02,B03,B04,B08,B11,B12",samples\nf_sen2fire_0324.npz,GOOD,Sen2Fire nominal background terrain: scene1/scene1/scene_1_patch_20_24.npz
nf_sen2fire_0325,NON_FIRE,SEN2FIRE,GROUND_TRUTH,38.77,23.96,2024-03-15T10:30:00Z,,12.0,,,"B02,B03,B04,B08,B11,B12",samples\nf_sen2fire_0325.npz,GOOD,Sen2Fire nominal background terrain: scene1/scene1/scene_1_patch_20_25.npz
nf_sen2fire_0326,NON_FIRE,SEN2FIRE,GROUND_TRUTH,38.78,23.96,2024-03-15T10:30:00Z,,12.0,,,"B02,B03,B04,B08,B11,B12",samples\nf_sen2fire_0326.npz,GOOD,Sen2Fire nominal background terrain: scene1/scene1/scene_1_patch_20_26.npz
nf_sen2fire_0327,NON_FIRE,SEN2FIRE,GROUND_TRUTH,38.79,23.96,2024-03-15T10:30:00Z,,12.0,,,"B02,B03,B04,B08,B11,B12",samples\nf_sen2fire_0327.npz,GOOD,Sen2Fire nominal background terrain: scene1/scene1/scene_1_patch_20_27.npz
nf_sen2fire_0328,NON_FIRE,SEN2FIRE,GROUND_TRUTH,38.8,23.96,2024-03-15T10:30:00Z,,12.0,,,"B02,B03,B04,B08,B11,B12",samples\nf_sen2fire_0328.npz,GOOD,Sen2Fire nominal background terrain: scene1/scene1/scene_1_patch_20_3.npz
nf_sen2fire_0329,NON_FIRE,SEN2FIRE,GROUND_TRUTH,38.81,23.96,2024-03-15T10:30:00Z,,12.0,,,"B02,B03,B04,B08,B11,B12",samples\nf_sen2fire_0329.npz,GOOD,Sen2Fire nominal background terrain: scene1/scene1/scene_1_patch_20_4.npz
nf_sen2fire_0330,NON_FIRE,SEN2FIRE,GROUND_TRUTH,38.52,23.97,2024-03-15T10:30:00Z,,12.0,,,"B02,B03,B04,B08,B11,B12",samples\nf_sen2fire_0330.npz,GOOD,Sen2Fire nominal background terrain: scene1/scene1/scene_1_patch_20_5.npz
nf_sen2fire_0331,NON_FIRE,SEN2FIRE,GROUND_TRUTH,38.53,23.97,2024-03-15T10:30:00Z,,12.0,,,"B02,B03,B04,B08,B11,B12",samples\nf_sen2fire_0331.npz,GOOD,Sen2Fire nominal background terrain: scene1/scene1/scene_1_patch_20_6.npz
nf_sen2fire_0332,NON_FIRE,SEN2FIRE,GROUND_TRUTH,38.54,23.97,2024-03-15T10:30:00Z,,12.0,,,"B02,B03,B04,B08,B11,B12",samples\nf_sen2fire_0332.npz,GOOD,Sen2Fire nominal background terrain: scene1/scene1/scene_1_patch_20_7.npz
nf_sen2fire_0333,NON_FIRE,SEN2FIRE,GROUND_TRUTH,38.55,23.97,2024-03-15T10:30:00Z,,12.0,,,"B02,B03,B04,B08,B11,B12",samples\nf_sen2fire_0333.npz,GOOD,Sen2Fire nominal background terrain: scene1/scene1/scene_1_patch_21_1.npz
nf_sen2fire_0334,NON_FIRE,SEN2FIRE,GROUND_TRUTH,38.56,23.97,2024-03-15T10:30:00Z,,12.0,,,"B02,B03,B04,B08,B11,B12",samples\nf_sen2fire_0334.npz,GOOD,Sen2Fire nominal background terrain: scene1/scene1/scene_1_patch_21_11.npz
nf_sen2fire_0335,NON_FIRE,SEN2FIRE,GROUND_TRUTH,38.57,23.97,2024-03-15T10:30:00Z,,12.0,,,"B02,B03,B04,B08,B11,B12",samples\nf_sen2fire_0335.npz,GOOD,Sen2Fire nominal background terrain: scene1/scene1/scene_1_patch_21_12.npz
nf_sen2fire_0336,NON_FIRE,SEN2FIRE,GROUND_TRUTH,38.58,23.97,2024-03-15T10:30:00Z,,12.0,,,"B02,B03,B04,B08,B11,B12",samples\nf_sen2fire_0336.npz,GOOD,Sen2Fire nominal background terrain: scene1/scene1/scene_1_patch_21_13.npz
nf_sen2fire_0337,NON_FIRE,SEN2FIRE,GROUND_TRUTH,38.59,23.97,2024-03-15T10:30:00Z,,12.0,,,"B02,B03,B04,B08,B11,B12",samples\nf_sen2fire_0337.npz,GOOD,Sen2Fire nominal background terrain: scene1/scene1/scene_1_patch_21_14.npz
nf_sen2fire_0338,NON_FIRE,SEN2FIRE,GROUND_TRUTH,38.6,23.97,2024-03-15T10:30:00Z,,12.0,,,"B02,B03,B04,B08,B11,B12",samples\nf_sen2fire_0338.npz,GOOD,Sen2Fire nominal background terrain: scene1/scene1/scene_1_patch_21_15.npz
nf_sen2fire_0339,NON_FIRE,SEN2FIRE,GROUND_TRUTH,38.61,23.97,2024-03-15T10:30:00Z,,12.0,,,"B02,B03,B04,B08,B11,B12",samples\nf_sen2fire_0339.npz,GOOD,Sen2Fire nominal background terrain: scene1/scene1/scene_1_patch_21_16.npz
nf_sen2fire_0340,NON_FIRE,SEN2FIRE,GROUND_TRUTH,38.62,23.97,2024-03-15T10:30:00Z,,12.0,,,"B02,B03,B04,B08,B11,B12",samples\nf_sen2fire_0340.npz,GOOD,Sen2Fire nominal background terrain: scene1/scene1/scene_1_patch_21_17.npz
nf_sen2fire_0341,NON_FIRE,SEN2FIRE,GROUND_TRUTH,38.63,23.97,2024-03-15T10:30:00Z,,12.0,,,"B02,B03,B04,B08,B11,B12",samples\nf_sen2fire_0341.npz,GOOD,Sen2Fire nominal background terrain: scene1/scene1/scene_1_patch_21_18.npz
nf_sen2fire_0342,NON_FIRE,SEN2FIRE,GROUND_TRUTH,38.64,23.97,2024-03-15T10:30:00Z,,12.0,,,"B02,B03,B04,B08,B11,B12",samples\nf_sen2fire_0342.npz,GOOD,Sen2Fire nominal background terrain: scene1/scene1/scene_1_patch_21_19.npz
nf_sen2fire_0343,NON_FIRE,SEN2FIRE,GROUND_TRUTH,38.65,23.97,2024-03-15T10:30:00Z,,12.0,,,"B02,B03,B04,B08,B11,B12",samples\nf_sen2fire_0343.npz,GOOD,Sen2Fire nominal background terrain: scene1/scene1/scene_1_patch_21_2.npz
nf_sen2fire_0344,NON_FIRE,SEN2FIRE,GROUND_TRUTH,38.66,23.97,2024-03-15T10:30:00Z,,12.0,,,"B02,B03,B04,B08,B11,B12",samples\nf_sen2fire_0344.npz,GOOD,Sen2Fire nominal background terrain: scene1/scene1/scene_1_patch_21_20.npz
nf_sen2fire_0345,NON_FIRE,SEN2FIRE,GROUND_TRUTH,38.67,23.97,2024-03-15T10:30:00Z,,12.0,,,"B02,B03,B04,B08,B11,B12",samples\nf_sen2fire_0345.npz,GOOD,Sen2Fire nominal background terrain: scene1/scene1/scene_1_patch_21_21.npz
nf_sen2fire_0346,NON_FIRE,SEN2FIRE,GROUND_TRUTH,38.68,23.97,2024-03-15T10:30:00Z,,12.0,,,"B02,B03,B04,B08,B11,B12",samples\nf_sen2fire_0346.npz,GOOD,Sen2Fire nominal background terrain: scene1/scene1/scene_1_patch_21_22.npz
nf_sen2fire_0347,NON_FIRE,SEN2FIRE,GROUND_TRUTH,38.69,23.97,2024-03-15T10:30:00Z,,12.0,,,"B02,B03,B04,B08,B11,B12",samples\nf_sen2fire_0347.npz,GOOD,Sen2Fire nominal background terrain: scene1/scene1/scene_1_patch_21_23.npz
nf_sen2fire_0348,NON_FIRE,SEN2FIRE,GROUND_TRUTH,38.7,23.97,2024-03-15T10:30:00Z,,12.0,,,"B02,B03,B04,B08,B11,B12",samples\nf_sen2fire_0348.npz,GOOD,Sen2Fire nominal background terrain: scene1/scene1/scene_1_patch_21_24.npz
nf_sen2fire_0349,NON_FIRE,SEN2FIRE,GROUND_TRUTH,38.71,23.97,2024-03-15T10:30:00Z,,12.0,,,"B02,B03,B04,B08,B11,B12",samples\nf_sen2fire_0349.npz,GOOD,Sen2Fire nominal background terrain: scene1/scene1/scene_1_patch_21_25.npz
nf_sen2fire_0350,NON_FIRE,SEN2FIRE,GROUND_TRUTH,38.72,23.97,2024-03-15T10:30:00Z,,12.0,,,"B02,B03,B04,B08,B11,B12",samples\nf_sen2fire_0350.npz,GOOD,Sen2Fire nominal background terrain: scene1/scene1/scene_1_patch_21_26.npz
ind_seed_0001,INDUSTRIAL_FIRE,FIRMS_OSM_INDUSTRIAL_WEAK,WEAK_LABEL,22.38,69.83,2026-09-06T05:12:00Z,,5.0,0.2,refinery,"B02,B03,B04,B08,B11,B12",samples\ind_seed_0001.npz,GOOD,Industrial benchmark candidate: Jamnagar Refinery Complex (refinery at 0.2 km)
ind_seed_0002,INDUSTRIAL_FIRE,FIRMS_OSM_INDUSTRIAL_WEAK,WEAK_LABEL,21.18,81.38,2026-09-06T05:12:00Z,,7.2,0.35,steel_mill,"B02,B03,B04,B08,B11,B12",samples\ind_seed_0002.npz,GOOD,Industrial benchmark candidate: Bhilai Steel Plant (steel_mill at 0.35 km)
ind_seed_0003,INDUSTRIAL_FIRE,FIRMS_OSM_INDUSTRIAL_WEAK,WEAK_LABEL,21.11,72.65,2026-09-06T05:12:00Z,,9.4,0.5,chemical_petrochemical,"B02,B03,B04,B08,B11,B12",samples\ind_seed_0003.npz,GOOD,Industrial benchmark candidate: Hazira Industrial Hub (chemical_petrochemical at 0.5 km)
ind_seed_0004,INDUSTRIAL_FIRE,FIRMS_OSM_INDUSTRIAL_WEAK,WEAK_LABEL,17.63,83.18,2026-09-06T05:12:00Z,,11.6,0.65,metallurgy_port,"B02,B03,B04,B08,B11,B12",samples\ind_seed_0004.npz,GOOD,Industrial benchmark candidate: Visakhapatnam Steel & Industrial Zone (metallurgy_port at 0.65 km)
ind_seed_0005,INDUSTRIAL_FIRE,FIRMS_OSM_INDUSTRIAL_WEAK,WEAK_LABEL,13.16,80.26,2026-09-06T05:12:00Z,,13.8,0.8,petrochemical,"B02,B03,B04,B08,B11,B12",samples\ind_seed_0005.npz,GOOD,Industrial benchmark candidate: Manali Petrochemical Complex Chennai (petrochemical at 0.8 km)
ind_seed_0006,INDUSTRIAL_FIRE,FIRMS_OSM_INDUSTRIAL_WEAK,WEAK_LABEL,24.2,82.67,2026-09-06T05:12:00Z,,16.0,0.95,power_plant,"B02,B03,B04,B08,B11,B12",samples\ind_seed_0006.npz,GOOD,Industrial benchmark candidate: Singrauli Super Thermal Power & Coal Belt (power_plant at 0.95 km)
ind_seed_0007,INDUSTRIAL_FIRE,FIRMS_OSM_INDUSTRIAL_WEAK,WEAK_LABEL,22.22,84.86,2026-09-06T05:12:00Z,,18.2,1.1,steel_works,"B02,B03,B04,B08,B11,B12",samples\ind_seed_0007.npz,GOOD,Industrial benchmark candidate: Rourkela Steel Complex (steel_works at 1.1 km)
ind_seed_0008,INDUSTRIAL_FIRE,FIRMS_OSM_INDUSTRIAL_WEAK,WEAK_LABEL,21.71,72.58,2026-09-06T05:12:00Z,,20.4,1.25,chemical_storage,"B02,B03,B04,B08,B11,B12",samples\ind_seed_0008.npz,GOOD,Industrial benchmark candidate: Dahej Petroleum & Chemical SEZ (chemical_storage at 1.25 km)
ind_seed_0009,INDUSTRIAL_FIRE,FIRMS_OSM_INDUSTRIAL_WEAK,WEAK_LABEL,20.37,72.91,2026-09-06T05:12:00Z,,22.6,1.4,manufacturing_chemical,"B02,B03,B04,B08,B11,B12",samples\ind_seed_0009.npz,GOOD,Industrial benchmark candidate: Vapi GIDC Chemical Estate (manufacturing_chemical at 1.4 km)
ind_seed_0010,INDUSTRIAL_FIRE,FIRMS_OSM_INDUSTRIAL_WEAK,WEAK_LABEL,20.84,85.1,2026-09-06T05:12:00Z,,24.8,1.55,aluminum_smelter,"B02,B03,B04,B08,B11,B12",samples\ind_seed_0010.npz,GOOD,Industrial benchmark candidate: Angul Industrial Smelter (aluminum_smelter at 1.55 km)
ind_seed_0011,INDUSTRIAL_FIRE,FIRMS_OSM_INDUSTRIAL_WEAK,WEAK_LABEL,22.388,69.838,2026-09-06T05:12:00Z,,27.0,0.2,refinery,"B02,B03,B04,B08,B11,B12",samples\ind_seed_0011.npz,GOOD,Industrial benchmark candidate: Jamnagar Refinery Complex (refinery at 0.2 km)
ind_seed_0012,INDUSTRIAL_FIRE,FIRMS_OSM_INDUSTRIAL_WEAK,WEAK_LABEL,21.188,81.388,2026-09-06T05:12:00Z,,29.2,0.35,steel_mill,"B02,B03,B04,B08,B11,B12",samples\ind_seed_0012.npz,GOOD,Industrial benchmark candidate: Bhilai Steel Plant (steel_mill at 0.35 km)
ind_seed_0013,INDUSTRIAL_FIRE,FIRMS_OSM_INDUSTRIAL_WEAK,WEAK_LABEL,21.118,72.658,2026-09-06T05:12:00Z,,31.4,0.5,chemical_petrochemical,"B02,B03,B04,B08,B11,B12",samples\ind_seed_0013.npz,ACCEPTABLE,Industrial benchmark candidate: Hazira Industrial Hub (chemical_petrochemical at 0.5 km)
ind_seed_0014,INDUSTRIAL_FIRE,FIRMS_OSM_INDUSTRIAL_WEAK,WEAK_LABEL,17.638,83.188,2026-09-06T05:12:00Z,,33.6,0.65,metallurgy_port,"B02,B03,B04,B08,B11,B12",samples\ind_seed_0014.npz,ACCEPTABLE,Industrial benchmark candidate: Visakhapatnam Steel & Industrial Zone (metallurgy_port at 0.65 km)
ind_seed_0015,INDUSTRIAL_FIRE,FIRMS_OSM_INDUSTRIAL_WEAK,WEAK_LABEL,13.168,80.268,2026-09-06T05:12:00Z,,35.8,0.8,petrochemical,"B02,B03,B04,B08,B11,B12",samples\ind_seed_0015.npz,ACCEPTABLE,Industrial benchmark candidate: Manali Petrochemical Complex Chennai (petrochemical at 0.8 km)
ind_seed_0016,INDUSTRIAL_FIRE,FIRMS_OSM_INDUSTRIAL_WEAK,WEAK_LABEL,24.208,82.678,2026-09-06T05:12:00Z,,38.0,0.95,power_plant,"B02,B03,B04,B08,B11,B12",samples\ind_seed_0016.npz,ACCEPTABLE,Industrial benchmark candidate: Singrauli Super Thermal Power & Coal Belt (power_plant at 0.95 km)
ind_seed_0017,INDUSTRIAL_FIRE,FIRMS_OSM_INDUSTRIAL_WEAK,WEAK_LABEL,22.228,84.868,2026-09-06T05:12:00Z,,40.2,1.1,steel_works,"B02,B03,B04,B08,B11,B12",samples\ind_seed_0017.npz,ACCEPTABLE,Industrial benchmark candidate: Rourkela Steel Complex (steel_works at 1.1 km)
ind_seed_0018,INDUSTRIAL_FIRE,FIRMS_OSM_INDUSTRIAL_WEAK,WEAK_LABEL,21.718,72.588,2026-09-06T05:12:00Z,,42.4,1.25,chemical_storage,"B02,B03,B04,B08,B11,B12",samples\ind_seed_0018.npz,ACCEPTABLE,Industrial benchmark candidate: Dahej Petroleum & Chemical SEZ (chemical_storage at 1.25 km)
ind_seed_0019,INDUSTRIAL_FIRE,FIRMS_OSM_INDUSTRIAL_WEAK,WEAK_LABEL,20.378,72.918,2026-09-06T05:12:00Z,,44.6,1.4,manufacturing_chemical,"B02,B03,B04,B08,B11,B12",samples\ind_seed_0019.npz,ACCEPTABLE,Industrial benchmark candidate: Vapi GIDC Chemical Estate (manufacturing_chemical at 1.4 km)
ind_seed_0020,INDUSTRIAL_FIRE,FIRMS_OSM_INDUSTRIAL_WEAK,WEAK_LABEL,20.848,85.108,2026-09-06T05:12:00Z,,46.8,1.55,aluminum_smelter,"B02,B03,B04,B08,B11,B12",samples\ind_seed_0020.npz,ACCEPTABLE,Industrial benchmark candidate: Angul Industrial Smelter (aluminum_smelter at 1.55 km)
ind_seed_0021,INDUSTRIAL_FIRE,FIRMS_OSM_INDUSTRIAL_WEAK,WEAK_LABEL,22.396,69.846,2026-09-06T05:12:00Z,,5.0,0.2,refinery,"B02,B03,B04,B08,B11,B12",samples\ind_seed_0021.npz,GOOD,Industrial benchmark candidate: Jamnagar Refinery Complex (refinery at 0.2 km)
ind_seed_0022,INDUSTRIAL_FIRE,FIRMS_OSM_INDUSTRIAL_WEAK,WEAK_LABEL,21.196,81.396,2026-09-06T05:12:00Z,,7.2,0.35,steel_mill,"B02,B03,B04,B08,B11,B12",samples\ind_seed_0022.npz,GOOD,Industrial benchmark candidate: Bhilai Steel Plant (steel_mill at 0.35 km)
ind_seed_0023,INDUSTRIAL_FIRE,FIRMS_OSM_INDUSTRIAL_WEAK,WEAK_LABEL,21.126,72.666,2026-09-06T05:12:00Z,,9.4,0.5,chemical_petrochemical,"B02,B03,B04,B08,B11,B12",samples\ind_seed_0023.npz,GOOD,Industrial benchmark candidate: Hazira Industrial Hub (chemical_petrochemical at 0.5 km)
ind_seed_0024,INDUSTRIAL_FIRE,FIRMS_OSM_INDUSTRIAL_WEAK,WEAK_LABEL,17.646,83.196,2026-09-06T05:12:00Z,,11.6,0.65,metallurgy_port,"B02,B03,B04,B08,B11,B12",samples\ind_seed_0024.npz,GOOD,Industrial benchmark candidate: Visakhapatnam Steel & Industrial Zone (metallurgy_port at 0.65 km)
ind_seed_0025,INDUSTRIAL_FIRE,FIRMS_OSM_INDUSTRIAL_WEAK,WEAK_LABEL,13.176,80.276,2026-09-06T05:12:00Z,,13.8,0.8,petrochemical,"B02,B03,B04,B08,B11,B12",samples\ind_seed_0025.npz,GOOD,Industrial benchmark candidate: Manali Petrochemical Complex Chennai (petrochemical at 0.8 km)
ind_seed_0026,INDUSTRIAL_FIRE,FIRMS_OSM_INDUSTRIAL_WEAK,WEAK_LABEL,24.216,82.686,2026-09-06T05:12:00Z,,16.0,0.95,power_plant,"B02,B03,B04,B08,B11,B12",samples\ind_seed_0026.npz,GOOD,Industrial benchmark candidate: Singrauli Super Thermal Power & Coal Belt (power_plant at 0.95 km)
ind_seed_0027,INDUSTRIAL_FIRE,FIRMS_OSM_INDUSTRIAL_WEAK,WEAK_LABEL,22.236,84.876,2026-09-06T05:12:00Z,,18.2,1.1,steel_works,"B02,B03,B04,B08,B11,B12",samples\ind_seed_0027.npz,GOOD,Industrial benchmark candidate: Rourkela Steel Complex (steel_works at 1.1 km)
ind_seed_0028,INDUSTRIAL_FIRE,FIRMS_OSM_INDUSTRIAL_WEAK,WEAK_LABEL,21.726,72.596,2026-09-06T05:12:00Z,,20.4,1.25,chemical_storage,"B02,B03,B04,B08,B11,B12",samples\ind_seed_0028.npz,GOOD,Industrial benchmark candidate: Dahej Petroleum & Chemical SEZ (chemical_storage at 1.25 km)
ind_seed_0029,INDUSTRIAL_FIRE,FIRMS_OSM_INDUSTRIAL_WEAK,WEAK_LABEL,20.386,72.926,2026-09-06T05:12:00Z,,22.6,1.4,manufacturing_chemical,"B02,B03,B04,B08,B11,B12",samples\ind_seed_0029.npz,GOOD,Industrial benchmark candidate: Vapi GIDC Chemical Estate (manufacturing_chemical at 1.4 km)
ind_seed_0030,INDUSTRIAL_FIRE,FIRMS_OSM_INDUSTRIAL_WEAK,WEAK_LABEL,20.856,85.116,2026-09-06T05:12:00Z,,24.8,1.55,aluminum_smelter,"B02,B03,B04,B08,B11,B12",samples\ind_seed_0030.npz,GOOD,Industrial benchmark candidate: Angul Industrial Smelter (aluminum_smelter at 1.55 km)
ind_seed_0031,INDUSTRIAL_FIRE,FIRMS_OSM_INDUSTRIAL_WEAK,WEAK_LABEL,22.404,69.854,2026-09-06T05:12:00Z,,27.0,0.2,refinery,"B02,B03,B04,B08,B11,B12",samples\ind_seed_0031.npz,GOOD,Industrial benchmark candidate: Jamnagar Refinery Complex (refinery at 0.2 km)
ind_seed_0032,INDUSTRIAL_FIRE,FIRMS_OSM_INDUSTRIAL_WEAK,WEAK_LABEL,21.204,81.404,2026-09-06T05:12:00Z,,29.2,0.35,steel_mill,"B02,B03,B04,B08,B11,B12",samples\ind_seed_0032.npz,GOOD,Industrial benchmark candidate: Bhilai Steel Plant (steel_mill at 0.35 km)
ind_seed_0033,INDUSTRIAL_FIRE,FIRMS_OSM_INDUSTRIAL_WEAK,WEAK_LABEL,21.134,72.674,2026-09-06T05:12:00Z,,31.4,0.5,chemical_petrochemical,"B02,B03,B04,B08,B11,B12",samples\ind_seed_0033.npz,ACCEPTABLE,Industrial benchmark candidate: Hazira Industrial Hub (chemical_petrochemical at 0.5 km)
ind_seed_0034,INDUSTRIAL_FIRE,FIRMS_OSM_INDUSTRIAL_WEAK,WEAK_LABEL,17.654,83.204,2026-09-06T05:12:00Z,,33.6,0.65,metallurgy_port,"B02,B03,B04,B08,B11,B12",samples\ind_seed_0034.npz,ACCEPTABLE,Industrial benchmark candidate: Visakhapatnam Steel & Industrial Zone (metallurgy_port at 0.65 km)
ind_seed_0035,INDUSTRIAL_FIRE,FIRMS_OSM_INDUSTRIAL_WEAK,WEAK_LABEL,13.184,80.284,2026-09-06T05:12:00Z,,35.8,0.8,petrochemical,"B02,B03,B04,B08,B11,B12",samples\ind_seed_0035.npz,ACCEPTABLE,Industrial benchmark candidate: Manali Petrochemical Complex Chennai (petrochemical at 0.8 km)
ind_seed_0036,INDUSTRIAL_FIRE,FIRMS_OSM_INDUSTRIAL_WEAK,WEAK_LABEL,24.224,82.694,2026-09-06T05:12:00Z,,38.0,0.95,power_plant,"B02,B03,B04,B08,B11,B12",samples\ind_seed_0036.npz,ACCEPTABLE,Industrial benchmark candidate: Singrauli Super Thermal Power & Coal Belt (power_plant at 0.95 km)
ind_seed_0037,INDUSTRIAL_FIRE,FIRMS_OSM_INDUSTRIAL_WEAK,WEAK_LABEL,22.244,84.884,2026-09-06T05:12:00Z,,40.2,1.1,steel_works,"B02,B03,B04,B08,B11,B12",samples\ind_seed_0037.npz,ACCEPTABLE,Industrial benchmark candidate: Rourkela Steel Complex (steel_works at 1.1 km)
ind_seed_0038,INDUSTRIAL_FIRE,FIRMS_OSM_INDUSTRIAL_WEAK,WEAK_LABEL,21.734,72.604,2026-09-06T05:12:00Z,,42.4,1.25,chemical_storage,"B02,B03,B04,B08,B11,B12",samples\ind_seed_0038.npz,ACCEPTABLE,Industrial benchmark candidate: Dahej Petroleum & Chemical SEZ (chemical_storage at 1.25 km)
ind_seed_0039,INDUSTRIAL_FIRE,FIRMS_OSM_INDUSTRIAL_WEAK,WEAK_LABEL,20.394,72.934,2026-09-06T05:12:00Z,,44.6,1.4,manufacturing_chemical,"B02,B03,B04,B08,B11,B12",samples\ind_seed_0039.npz,ACCEPTABLE,Industrial benchmark candidate: Vapi GIDC Chemical Estate (manufacturing_chemical at 1.4 km)
ind_seed_0040,INDUSTRIAL_FIRE,FIRMS_OSM_INDUSTRIAL_WEAK,WEAK_LABEL,20.864,85.124,2026-09-06T05:12:00Z,,46.8,1.55,aluminum_smelter,"B02,B03,B04,B08,B11,B12",samples\ind_seed_0040.npz,ACCEPTABLE,Industrial benchmark candidate: Angul Industrial Smelter (aluminum_smelter at 1.55 km)
ind_seed_0041,INDUSTRIAL_FIRE,FIRMS_OSM_INDUSTRIAL_WEAK,WEAK_LABEL,22.412,69.862,2026-09-06T05:12:00Z,,5.0,0.2,refinery,"B02,B03,B04,B08,B11,B12",samples\ind_seed_0041.npz,GOOD,Industrial benchmark candidate: Jamnagar Refinery Complex (refinery at 0.2 km)
ind_seed_0042,INDUSTRIAL_FIRE,FIRMS_OSM_INDUSTRIAL_WEAK,WEAK_LABEL,21.212,81.412,2026-09-06T05:12:00Z,,7.2,0.35,steel_mill,"B02,B03,B04,B08,B11,B12",samples\ind_seed_0042.npz,GOOD,Industrial benchmark candidate: Bhilai Steel Plant (steel_mill at 0.35 km)
ind_seed_0043,INDUSTRIAL_FIRE,FIRMS_OSM_INDUSTRIAL_WEAK,WEAK_LABEL,21.142,72.682,2026-09-06T05:12:00Z,,9.4,0.5,chemical_petrochemical,"B02,B03,B04,B08,B11,B12",samples\ind_seed_0043.npz,GOOD,Industrial benchmark candidate: Hazira Industrial Hub (chemical_petrochemical at 0.5 km)
ind_seed_0044,INDUSTRIAL_FIRE,FIRMS_OSM_INDUSTRIAL_WEAK,WEAK_LABEL,17.662,83.212,2026-09-06T05:12:00Z,,11.6,0.65,metallurgy_port,"B02,B03,B04,B08,B11,B12",samples\ind_seed_0044.npz,GOOD,Industrial benchmark candidate: Visakhapatnam Steel & Industrial Zone (metallurgy_port at 0.65 km)
ind_seed_0045,INDUSTRIAL_FIRE,FIRMS_OSM_INDUSTRIAL_WEAK,WEAK_LABEL,13.192,80.292,2026-09-06T05:12:00Z,,13.8,0.8,petrochemical,"B02,B03,B04,B08,B11,B12",samples\ind_seed_0045.npz,GOOD,Industrial benchmark candidate: Manali Petrochemical Complex Chennai (petrochemical at 0.8 km)
ind_seed_0046,INDUSTRIAL_FIRE,FIRMS_OSM_INDUSTRIAL_WEAK,WEAK_LABEL,24.232,82.702,2026-09-06T05:12:00Z,,16.0,0.95,power_plant,"B02,B03,B04,B08,B11,B12",samples\ind_seed_0046.npz,GOOD,Industrial benchmark candidate: Singrauli Super Thermal Power & Coal Belt (power_plant at 0.95 km)
ind_seed_0047,INDUSTRIAL_FIRE,FIRMS_OSM_INDUSTRIAL_WEAK,WEAK_LABEL,22.252,84.892,2026-09-06T05:12:00Z,,18.2,1.1,steel_works,"B02,B03,B04,B08,B11,B12",samples\ind_seed_0047.npz,GOOD,Industrial benchmark candidate: Rourkela Steel Complex (steel_works at 1.1 km)
ind_seed_0048,INDUSTRIAL_FIRE,FIRMS_OSM_INDUSTRIAL_WEAK,WEAK_LABEL,21.742,72.612,2026-09-06T05:12:00Z,,20.4,1.25,chemical_storage,"B02,B03,B04,B08,B11,B12",samples\ind_seed_0048.npz,GOOD,Industrial benchmark candidate: Dahej Petroleum & Chemical SEZ (chemical_storage at 1.25 km)
ind_seed_0049,INDUSTRIAL_FIRE,FIRMS_OSM_INDUSTRIAL_WEAK,WEAK_LABEL,20.402,72.942,2026-09-06T05:12:00Z,,22.6,1.4,manufacturing_chemical,"B02,B03,B04,B08,B11,B12",samples\ind_seed_0049.npz,GOOD,Industrial benchmark candidate: Vapi GIDC Chemical Estate (manufacturing_chemical at 1.4 km)
ind_seed_0050,INDUSTRIAL_FIRE,FIRMS_OSM_INDUSTRIAL_WEAK,WEAK_LABEL,20.872,85.132,2026-09-06T05:12:00Z,,24.8,1.55,aluminum_smelter,"B02,B03,B04,B08,B11,B12",samples\ind_seed_0050.npz,GOOD,Industrial benchmark candidate: Angul Industrial Smelter (aluminum_smelter at 1.55 km)
ind_seed_0051,INDUSTRIAL_FIRE,FIRMS_OSM_INDUSTRIAL_WEAK,WEAK_LABEL,22.42,69.87,2026-09-06T05:12:00Z,,27.0,0.2,refinery,"B02,B03,B04,B08,B11,B12",samples\ind_seed_0051.npz,GOOD,Industrial benchmark candidate: Jamnagar Refinery Complex (refinery at 0.2 km)
ind_seed_0052,INDUSTRIAL_FIRE,FIRMS_OSM_INDUSTRIAL_WEAK,WEAK_LABEL,21.22,81.42,2026-09-06T05:12:00Z,,29.2,0.35,steel_mill,"B02,B03,B04,B08,B11,B12",samples\ind_seed_0052.npz,GOOD,Industrial benchmark candidate: Bhilai Steel Plant (steel_mill at 0.35 km)
ind_seed_0053,INDUSTRIAL_FIRE,FIRMS_OSM_INDUSTRIAL_WEAK,WEAK_LABEL,21.15,72.69,2026-09-06T05:12:00Z,,31.4,0.5,chemical_petrochemical,"B02,B03,B04,B08,B11,B12",samples\ind_seed_0053.npz,ACCEPTABLE,Industrial benchmark candidate: Hazira Industrial Hub (chemical_petrochemical at 0.5 km)
ind_seed_0054,INDUSTRIAL_FIRE,FIRMS_OSM_INDUSTRIAL_WEAK,WEAK_LABEL,17.67,83.22,2026-09-06T05:12:00Z,,33.6,0.65,metallurgy_port,"B02,B03,B04,B08,B11,B12",samples\ind_seed_0054.npz,ACCEPTABLE,Industrial benchmark candidate: Visakhapatnam Steel & Industrial Zone (metallurgy_port at 0.65 km)
ind_seed_0055,INDUSTRIAL_FIRE,FIRMS_OSM_INDUSTRIAL_WEAK,WEAK_LABEL,13.2,80.3,2026-09-06T05:12:00Z,,35.8,0.8,petrochemical,"B02,B03,B04,B08,B11,B12",samples\ind_seed_0055.npz,ACCEPTABLE,Industrial benchmark candidate: Manali Petrochemical Complex Chennai (petrochemical at 0.8 km)
ind_seed_0056,INDUSTRIAL_FIRE,FIRMS_OSM_INDUSTRIAL_WEAK,WEAK_LABEL,24.24,82.71,2026-09-06T05:12:00Z,,38.0,0.95,power_plant,"B02,B03,B04,B08,B11,B12",samples\ind_seed_0056.npz,ACCEPTABLE,Industrial benchmark candidate: Singrauli Super Thermal Power & Coal Belt (power_plant at 0.95 km)
ind_seed_0057,INDUSTRIAL_FIRE,FIRMS_OSM_INDUSTRIAL_WEAK,WEAK_LABEL,22.26,84.9,2026-09-06T05:12:00Z,,40.2,1.1,steel_works,"B02,B03,B04,B08,B11,B12",samples\ind_seed_0057.npz,ACCEPTABLE,Industrial benchmark candidate: Rourkela Steel Complex (steel_works at 1.1 km)
ind_seed_0058,INDUSTRIAL_FIRE,FIRMS_OSM_INDUSTRIAL_WEAK,WEAK_LABEL,21.75,72.62,2026-09-06T05:12:00Z,,42.4,1.25,chemical_storage,"B02,B03,B04,B08,B11,B12",samples\ind_seed_0058.npz,ACCEPTABLE,Industrial benchmark candidate: Dahej Petroleum & Chemical SEZ (chemical_storage at 1.25 km)
ind_seed_0059,INDUSTRIAL_FIRE,FIRMS_OSM_INDUSTRIAL_WEAK,WEAK_LABEL,20.41,72.95,2026-09-06T05:12:00Z,,44.6,1.4,manufacturing_chemical,"B02,B03,B04,B08,B11,B12",samples\ind_seed_0059.npz,ACCEPTABLE,Industrial benchmark candidate: Vapi GIDC Chemical Estate (manufacturing_chemical at 1.4 km)
ind_seed_0060,INDUSTRIAL_FIRE,FIRMS_OSM_INDUSTRIAL_WEAK,WEAK_LABEL,20.88,85.14,2026-09-06T05:12:00Z,,46.8,1.55,aluminum_smelter,"B02,B03,B04,B08,B11,B12",samples\ind_seed_0060.npz,ACCEPTABLE,Industrial benchmark candidate: Angul Industrial Smelter (aluminum_smelter at 1.55 km)
ind_seed_0061,INDUSTRIAL_FIRE,FIRMS_OSM_INDUSTRIAL_WEAK,WEAK_LABEL,22.428,69.878,2026-09-06T05:12:00Z,,5.0,0.2,refinery,"B02,B03,B04,B08,B11,B12",samples\ind_seed_0061.npz,GOOD,Industrial benchmark candidate: Jamnagar Refinery Complex (refinery at 0.2 km)
ind_seed_0062,INDUSTRIAL_FIRE,FIRMS_OSM_INDUSTRIAL_WEAK,WEAK_LABEL,21.228,81.428,2026-09-06T05:12:00Z,,7.2,0.35,steel_mill,"B02,B03,B04,B08,B11,B12",samples\ind_seed_0062.npz,GOOD,Industrial benchmark candidate: Bhilai Steel Plant (steel_mill at 0.35 km)
ind_seed_0063,INDUSTRIAL_FIRE,FIRMS_OSM_INDUSTRIAL_WEAK,WEAK_LABEL,21.158,72.698,2026-09-06T05:12:00Z,,9.4,0.5,chemical_petrochemical,"B02,B03,B04,B08,B11,B12",samples\ind_seed_0063.npz,GOOD,Industrial benchmark candidate: Hazira Industrial Hub (chemical_petrochemical at 0.5 km)
ind_seed_0064,INDUSTRIAL_FIRE,FIRMS_OSM_INDUSTRIAL_WEAK,WEAK_LABEL,17.678,83.228,2026-09-06T05:12:00Z,,11.6,0.65,metallurgy_port,"B02,B03,B04,B08,B11,B12",samples\ind_seed_0064.npz,GOOD,Industrial benchmark candidate: Visakhapatnam Steel & Industrial Zone (metallurgy_port at 0.65 km)
ind_seed_0065,INDUSTRIAL_FIRE,FIRMS_OSM_INDUSTRIAL_WEAK,WEAK_LABEL,13.208,80.308,2026-09-06T05:12:00Z,,13.8,0.8,petrochemical,"B02,B03,B04,B08,B11,B12",samples\ind_seed_0065.npz,GOOD,Industrial benchmark candidate: Manali Petrochemical Complex Chennai (petrochemical at 0.8 km)
ind_seed_0066,INDUSTRIAL_FIRE,FIRMS_OSM_INDUSTRIAL_WEAK,WEAK_LABEL,24.248,82.718,2026-09-06T05:12:00Z,,16.0,0.95,power_plant,"B02,B03,B04,B08,B11,B12",samples\ind_seed_0066.npz,GOOD,Industrial benchmark candidate: Singrauli Super Thermal Power & Coal Belt (power_plant at 0.95 km)
ind_seed_0067,INDUSTRIAL_FIRE,FIRMS_OSM_INDUSTRIAL_WEAK,WEAK_LABEL,22.268,84.908,2026-09-06T05:12:00Z,,18.2,1.1,steel_works,"B02,B03,B04,B08,B11,B12",samples\ind_seed_0067.npz,GOOD,Industrial benchmark candidate: Rourkela Steel Complex (steel_works at 1.1 km)
ind_seed_0068,INDUSTRIAL_FIRE,FIRMS_OSM_INDUSTRIAL_WEAK,WEAK_LABEL,21.758,72.628,2026-09-06T05:12:00Z,,20.4,1.25,chemical_storage,"B02,B03,B04,B08,B11,B12",samples\ind_seed_0068.npz,GOOD,Industrial benchmark candidate: Dahej Petroleum & Chemical SEZ (chemical_storage at 1.25 km)
ind_seed_0069,INDUSTRIAL_FIRE,FIRMS_OSM_INDUSTRIAL_WEAK,WEAK_LABEL,20.418,72.958,2026-09-06T05:12:00Z,,22.6,1.4,manufacturing_chemical,"B02,B03,B04,B08,B11,B12",samples\ind_seed_0069.npz,GOOD,Industrial benchmark candidate: Vapi GIDC Chemical Estate (manufacturing_chemical at 1.4 km)
ind_seed_0070,INDUSTRIAL_FIRE,FIRMS_OSM_INDUSTRIAL_WEAK,WEAK_LABEL,20.888,85.148,2026-09-06T05:12:00Z,,24.8,1.55,aluminum_smelter,"B02,B03,B04,B08,B11,B12",samples\ind_seed_0070.npz,GOOD,Industrial benchmark candidate: Angul Industrial Smelter (aluminum_smelter at 1.55 km)
ind_seed_0071,INDUSTRIAL_FIRE,FIRMS_OSM_INDUSTRIAL_WEAK,WEAK_LABEL,22.436,69.886,2026-09-06T05:12:00Z,,27.0,0.2,refinery,"B02,B03,B04,B08,B11,B12",samples\ind_seed_0071.npz,GOOD,Industrial benchmark candidate: Jamnagar Refinery Complex (refinery at 0.2 km)
ind_seed_0072,INDUSTRIAL_FIRE,FIRMS_OSM_INDUSTRIAL_WEAK,WEAK_LABEL,21.236,81.436,2026-09-06T05:12:00Z,,29.2,0.35,steel_mill,"B02,B03,B04,B08,B11,B12",samples\ind_seed_0072.npz,GOOD,Industrial benchmark candidate: Bhilai Steel Plant (steel_mill at 0.35 km)
ind_seed_0073,INDUSTRIAL_FIRE,FIRMS_OSM_INDUSTRIAL_WEAK,WEAK_LABEL,21.166,72.706,2026-09-06T05:12:00Z,,31.4,0.5,chemical_petrochemical,"B02,B03,B04,B08,B11,B12",samples\ind_seed_0073.npz,ACCEPTABLE,Industrial benchmark candidate: Hazira Industrial Hub (chemical_petrochemical at 0.5 km)
ind_seed_0074,INDUSTRIAL_FIRE,FIRMS_OSM_INDUSTRIAL_WEAK,WEAK_LABEL,17.686,83.236,2026-09-06T05:12:00Z,,33.6,0.65,metallurgy_port,"B02,B03,B04,B08,B11,B12",samples\ind_seed_0074.npz,ACCEPTABLE,Industrial benchmark candidate: Visakhapatnam Steel & Industrial Zone (metallurgy_port at 0.65 km)
ind_seed_0075,INDUSTRIAL_FIRE,FIRMS_OSM_INDUSTRIAL_WEAK,WEAK_LABEL,13.216,80.316,2026-09-06T05:12:00Z,,35.8,0.8,petrochemical,"B02,B03,B04,B08,B11,B12",samples\ind_seed_0075.npz,ACCEPTABLE,Industrial benchmark candidate: Manali Petrochemical Complex Chennai (petrochemical at 0.8 km)
ind_seed_0076,INDUSTRIAL_FIRE,FIRMS_OSM_INDUSTRIAL_WEAK,WEAK_LABEL,24.256,82.726,2026-09-06T05:12:00Z,,38.0,0.95,power_plant,"B02,B03,B04,B08,B11,B12",samples\ind_seed_0076.npz,ACCEPTABLE,Industrial benchmark candidate: Singrauli Super Thermal Power & Coal Belt (power_plant at 0.95 km)
ind_seed_0077,INDUSTRIAL_FIRE,FIRMS_OSM_INDUSTRIAL_WEAK,WEAK_LABEL,22.276,84.916,2026-09-06T05:12:00Z,,40.2,1.1,steel_works,"B02,B03,B04,B08,B11,B12",samples\ind_seed_0077.npz,ACCEPTABLE,Industrial benchmark candidate: Rourkela Steel Complex (steel_works at 1.1 km)
ind_seed_0078,INDUSTRIAL_FIRE,FIRMS_OSM_INDUSTRIAL_WEAK,WEAK_LABEL,21.766,72.636,2026-09-06T05:12:00Z,,42.4,1.25,chemical_storage,"B02,B03,B04,B08,B11,B12",samples\ind_seed_0078.npz,ACCEPTABLE,Industrial benchmark candidate: Dahej Petroleum & Chemical SEZ (chemical_storage at 1.25 km)
ind_seed_0079,INDUSTRIAL_FIRE,FIRMS_OSM_INDUSTRIAL_WEAK,WEAK_LABEL,20.426,72.966,2026-09-06T05:12:00Z,,44.6,1.4,manufacturing_chemical,"B02,B03,B04,B08,B11,B12",samples\ind_seed_0079.npz,ACCEPTABLE,Industrial benchmark candidate: Vapi GIDC Chemical Estate (manufacturing_chemical at 1.4 km)
ind_seed_0080,INDUSTRIAL_FIRE,FIRMS_OSM_INDUSTRIAL_WEAK,WEAK_LABEL,20.896,85.156,2026-09-06T05:12:00Z,,46.8,1.55,aluminum_smelter,"B02,B03,B04,B08,B11,B12",samples\ind_seed_0080.npz,ACCEPTABLE,Industrial benchmark candidate: Angul Industrial Smelter (aluminum_smelter at 1.55 km)
ind_seed_0081,INDUSTRIAL_FIRE,FIRMS_OSM_INDUSTRIAL_WEAK,WEAK_LABEL,22.444,69.894,2026-09-06T05:12:00Z,,5.0,0.2,refinery,"B02,B03,B04,B08,B11,B12",samples\ind_seed_0081.npz,GOOD,Industrial benchmark candidate: Jamnagar Refinery Complex (refinery at 0.2 km)
ind_seed_0082,INDUSTRIAL_FIRE,FIRMS_OSM_INDUSTRIAL_WEAK,WEAK_LABEL,21.244,81.444,2026-09-06T05:12:00Z,,7.2,0.35,steel_mill,"B02,B03,B04,B08,B11,B12",samples\ind_seed_0082.npz,GOOD,Industrial benchmark candidate: Bhilai Steel Plant (steel_mill at 0.35 km)
ind_seed_0083,INDUSTRIAL_FIRE,FIRMS_OSM_INDUSTRIAL_WEAK,WEAK_LABEL,21.174,72.714,2026-09-06T05:12:00Z,,9.4,0.5,chemical_petrochemical,"B02,B03,B04,B08,B11,B12",samples\ind_seed_0083.npz,GOOD,Industrial benchmark candidate: Hazira Industrial Hub (chemical_petrochemical at 0.5 km)
ind_seed_0084,INDUSTRIAL_FIRE,FIRMS_OSM_INDUSTRIAL_WEAK,WEAK_LABEL,17.694,83.244,2026-09-06T05:12:00Z,,11.6,0.65,metallurgy_port,"B02,B03,B04,B08,B11,B12",samples\ind_seed_0084.npz,GOOD,Industrial benchmark candidate: Visakhapatnam Steel & Industrial Zone (metallurgy_port at 0.65 km)
ind_seed_0085,INDUSTRIAL_FIRE,FIRMS_OSM_INDUSTRIAL_WEAK,WEAK_LABEL,13.224,80.324,2026-09-06T05:12:00Z,,13.8,0.8,petrochemical,"B02,B03,B04,B08,B11,B12",samples\ind_seed_0085.npz,GOOD,Industrial benchmark candidate: Manali Petrochemical Complex Chennai (petrochemical at 0.8 km)
ind_seed_0086,INDUSTRIAL_FIRE,FIRMS_OSM_INDUSTRIAL_WEAK,WEAK_LABEL,24.264,82.734,2026-09-06T05:12:00Z,,16.0,0.95,power_plant,"B02,B03,B04,B08,B11,B12",samples\ind_seed_0086.npz,GOOD,Industrial benchmark candidate: Singrauli Super Thermal Power & Coal Belt (power_plant at 0.95 km)
ind_seed_0087,INDUSTRIAL_FIRE,FIRMS_OSM_INDUSTRIAL_WEAK,WEAK_LABEL,22.284,84.924,2026-09-06T05:12:00Z,,18.2,1.1,steel_works,"B02,B03,B04,B08,B11,B12",samples\ind_seed_0087.npz,GOOD,Industrial benchmark candidate: Rourkela Steel Complex (steel_works at 1.1 km)
ind_seed_0088,INDUSTRIAL_FIRE,FIRMS_OSM_INDUSTRIAL_WEAK,WEAK_LABEL,21.774,72.644,2026-09-06T05:12:00Z,,20.4,1.25,chemical_storage,"B02,B03,B04,B08,B11,B12",samples\ind_seed_0088.npz,GOOD,Industrial benchmark candidate: Dahej Petroleum & Chemical SEZ (chemical_storage at 1.25 km)
ind_seed_0089,INDUSTRIAL_FIRE,FIRMS_OSM_INDUSTRIAL_WEAK,WEAK_LABEL,20.434,72.974,2026-09-06T05:12:00Z,,22.6,1.4,manufacturing_chemical,"B02,B03,B04,B08,B11,B12",samples\ind_seed_0089.npz,GOOD,Industrial benchmark candidate: Vapi GIDC Chemical Estate (manufacturing_chemical at 1.4 km)
ind_seed_0090,INDUSTRIAL_FIRE,FIRMS_OSM_INDUSTRIAL_WEAK,WEAK_LABEL,20.904,85.164,2026-09-06T05:12:00Z,,24.8,1.55,aluminum_smelter,"B02,B03,B04,B08,B11,B12",samples\ind_seed_0090.npz,GOOD,Industrial benchmark candidate: Angul Industrial Smelter (aluminum_smelter at 1.55 km)
ind_seed_0091,INDUSTRIAL_FIRE,FIRMS_OSM_INDUSTRIAL_WEAK,WEAK_LABEL,22.452,69.902,2026-09-06T05:12:00Z,,27.0,0.2,refinery,"B02,B03,B04,B08,B11,B12",samples\ind_seed_0091.npz,GOOD,Industrial benchmark candidate: Jamnagar Refinery Complex (refinery at 0.2 km)
ind_seed_0092,INDUSTRIAL_FIRE,FIRMS_OSM_INDUSTRIAL_WEAK,WEAK_LABEL,21.252,81.452,2026-09-06T05:12:00Z,,29.2,0.35,steel_mill,"B02,B03,B04,B08,B11,B12",samples\ind_seed_0092.npz,GOOD,Industrial benchmark candidate: Bhilai Steel Plant (steel_mill at 0.35 km)
ind_seed_0093,INDUSTRIAL_FIRE,FIRMS_OSM_INDUSTRIAL_WEAK,WEAK_LABEL,21.182,72.722,2026-09-06T05:12:00Z,,31.4,0.5,chemical_petrochemical,"B02,B03,B04,B08,B11,B12",samples\ind_seed_0093.npz,ACCEPTABLE,Industrial benchmark candidate: Hazira Industrial Hub (chemical_petrochemical at 0.5 km)
ind_seed_0094,INDUSTRIAL_FIRE,FIRMS_OSM_INDUSTRIAL_WEAK,WEAK_LABEL,17.702,83.252,2026-09-06T05:12:00Z,,33.6,0.65,metallurgy_port,"B02,B03,B04,B08,B11,B12",samples\ind_seed_0094.npz,ACCEPTABLE,Industrial benchmark candidate: Visakhapatnam Steel & Industrial Zone (metallurgy_port at 0.65 km)
ind_seed_0095,INDUSTRIAL_FIRE,FIRMS_OSM_INDUSTRIAL_WEAK,WEAK_LABEL,13.232,80.332,2026-09-06T05:12:00Z,,35.8,0.8,petrochemical,"B02,B03,B04,B08,B11,B12",samples\ind_seed_0095.npz,ACCEPTABLE,Industrial benchmark candidate: Manali Petrochemical Complex Chennai (petrochemical at 0.8 km)
ind_seed_0096,INDUSTRIAL_FIRE,FIRMS_OSM_INDUSTRIAL_WEAK,WEAK_LABEL,24.272,82.742,2026-09-06T05:12:00Z,,38.0,0.95,power_plant,"B02,B03,B04,B08,B11,B12",samples\ind_seed_0096.npz,ACCEPTABLE,Industrial benchmark candidate: Singrauli Super Thermal Power & Coal Belt (power_plant at 0.95 km)
ind_seed_0097,INDUSTRIAL_FIRE,FIRMS_OSM_INDUSTRIAL_WEAK,WEAK_LABEL,22.292,84.932,2026-09-06T05:12:00Z,,40.2,1.1,steel_works,"B02,B03,B04,B08,B11,B12",samples\ind_seed_0097.npz,ACCEPTABLE,Industrial benchmark candidate: Rourkela Steel Complex (steel_works at 1.1 km)
ind_seed_0098,INDUSTRIAL_FIRE,FIRMS_OSM_INDUSTRIAL_WEAK,WEAK_LABEL,21.782,72.652,2026-09-06T05:12:00Z,,42.4,1.25,chemical_storage,"B02,B03,B04,B08,B11,B12",samples\ind_seed_0098.npz,ACCEPTABLE,Industrial benchmark candidate: Dahej Petroleum & Chemical SEZ (chemical_storage at 1.25 km)
ind_seed_0099,INDUSTRIAL_FIRE,FIRMS_OSM_INDUSTRIAL_WEAK,WEAK_LABEL,20.442,72.982,2026-09-06T05:12:00Z,,44.6,1.4,manufacturing_chemical,"B02,B03,B04,B08,B11,B12",samples\ind_seed_0099.npz,ACCEPTABLE,Industrial benchmark candidate: Vapi GIDC Chemical Estate (manufacturing_chemical at 1.4 km)
ind_seed_0100,INDUSTRIAL_FIRE,FIRMS_OSM_INDUSTRIAL_WEAK,WEAK_LABEL,20.912,85.172,2026-09-06T05:12:00Z,,46.8,1.55,aluminum_smelter,"B02,B03,B04,B08,B11,B12",samples\ind_seed_0100.npz,ACCEPTABLE,Industrial benchmark candidate: Angul Industrial Smelter (aluminum_smelter at 1.55 km)
ind_seed_0101,INDUSTRIAL_FIRE,FIRMS_OSM_INDUSTRIAL_WEAK,WEAK_LABEL,22.46,69.91,2026-09-06T05:12:00Z,,5.0,0.2,refinery,"B02,B03,B04,B08,B11,B12",samples\ind_seed_0101.npz,GOOD,Industrial benchmark candidate: Jamnagar Refinery Complex (refinery at 0.2 km)
ind_seed_0102,INDUSTRIAL_FIRE,FIRMS_OSM_INDUSTRIAL_WEAK,WEAK_LABEL,21.26,81.46,2026-09-06T05:12:00Z,,7.2,0.35,steel_mill,"B02,B03,B04,B08,B11,B12",samples\ind_seed_0102.npz,GOOD,Industrial benchmark candidate: Bhilai Steel Plant (steel_mill at 0.35 km)
ind_seed_0103,INDUSTRIAL_FIRE,FIRMS_OSM_INDUSTRIAL_WEAK,WEAK_LABEL,21.19,72.73,2026-09-06T05:12:00Z,,9.4,0.5,chemical_petrochemical,"B02,B03,B04,B08,B11,B12",samples\ind_seed_0103.npz,GOOD,Industrial benchmark candidate: Hazira Industrial Hub (chemical_petrochemical at 0.5 km)
ind_seed_0104,INDUSTRIAL_FIRE,FIRMS_OSM_INDUSTRIAL_WEAK,WEAK_LABEL,17.71,83.26,2026-09-06T05:12:00Z,,11.6,0.65,metallurgy_port,"B02,B03,B04,B08,B11,B12",samples\ind_seed_0104.npz,GOOD,Industrial benchmark candidate: Visakhapatnam Steel & Industrial Zone (metallurgy_port at 0.65 km)
ind_seed_0105,INDUSTRIAL_FIRE,FIRMS_OSM_INDUSTRIAL_WEAK,WEAK_LABEL,13.24,80.34,2026-09-06T05:12:00Z,,13.8,0.8,petrochemical,"B02,B03,B04,B08,B11,B12",samples\ind_seed_0105.npz,GOOD,Industrial benchmark candidate: Manali Petrochemical Complex Chennai (petrochemical at 0.8 km)
ind_seed_0106,INDUSTRIAL_FIRE,FIRMS_OSM_INDUSTRIAL_WEAK,WEAK_LABEL,24.28,82.75,2026-09-06T05:12:00Z,,16.0,0.95,power_plant,"B02,B03,B04,B08,B11,B12",samples\ind_seed_0106.npz,GOOD,Industrial benchmark candidate: Singrauli Super Thermal Power & Coal Belt (power_plant at 0.95 km)
ind_seed_0107,INDUSTRIAL_FIRE,FIRMS_OSM_INDUSTRIAL_WEAK,WEAK_LABEL,22.3,84.94,2026-09-06T05:12:00Z,,18.2,1.1,steel_works,"B02,B03,B04,B08,B11,B12",samples\ind_seed_0107.npz,GOOD,Industrial benchmark candidate: Rourkela Steel Complex (steel_works at 1.1 km)
ind_seed_0108,INDUSTRIAL_FIRE,FIRMS_OSM_INDUSTRIAL_WEAK,WEAK_LABEL,21.79,72.66,2026-09-06T05:12:00Z,,20.4,1.25,chemical_storage,"B02,B03,B04,B08,B11,B12",samples\ind_seed_0108.npz,GOOD,Industrial benchmark candidate: Dahej Petroleum & Chemical SEZ (chemical_storage at 1.25 km)
ind_seed_0109,INDUSTRIAL_FIRE,FIRMS_OSM_INDUSTRIAL_WEAK,WEAK_LABEL,20.45,72.99,2026-09-06T05:12:00Z,,22.6,1.4,manufacturing_chemical,"B02,B03,B04,B08,B11,B12",samples\ind_seed_0109.npz,GOOD,Industrial benchmark candidate: Vapi GIDC Chemical Estate (manufacturing_chemical at 1.4 km)
ind_seed_0110,INDUSTRIAL_FIRE,FIRMS_OSM_INDUSTRIAL_WEAK,WEAK_LABEL,20.92,85.18,2026-09-06T05:12:00Z,,24.8,1.55,aluminum_smelter,"B02,B03,B04,B08,B11,B12",samples\ind_seed_0110.npz,GOOD,Industrial benchmark candidate: Angul Industrial Smelter (aluminum_smelter at 1.55 km)
ind_seed_0111,INDUSTRIAL_FIRE,FIRMS_OSM_INDUSTRIAL_WEAK,WEAK_LABEL,22.468,69.918,2026-09-06T05:12:00Z,,27.0,0.2,refinery,"B02,B03,B04,B08,B11,B12",samples\ind_seed_0111.npz,GOOD,Industrial benchmark candidate: Jamnagar Refinery Complex (refinery at 0.2 km)
ind_seed_0112,INDUSTRIAL_FIRE,FIRMS_OSM_INDUSTRIAL_WEAK,WEAK_LABEL,21.268,81.468,2026-09-06T05:12:00Z,,29.2,0.35,steel_mill,"B02,B03,B04,B08,B11,B12",samples\ind_seed_0112.npz,GOOD,Industrial benchmark candidate: Bhilai Steel Plant (steel_mill at 0.35 km)
ind_seed_0113,INDUSTRIAL_FIRE,FIRMS_OSM_INDUSTRIAL_WEAK,WEAK_LABEL,21.198,72.738,2026-09-06T05:12:00Z,,31.4,0.5,chemical_petrochemical,"B02,B03,B04,B08,B11,B12",samples\ind_seed_0113.npz,ACCEPTABLE,Industrial benchmark candidate: Hazira Industrial Hub (chemical_petrochemical at 0.5 km)
ind_seed_0114,INDUSTRIAL_FIRE,FIRMS_OSM_INDUSTRIAL_WEAK,WEAK_LABEL,17.718,83.268,2026-09-06T05:12:00Z,,33.6,0.65,metallurgy_port,"B02,B03,B04,B08,B11,B12",samples\ind_seed_0114.npz,ACCEPTABLE,Industrial benchmark candidate: Visakhapatnam Steel & Industrial Zone (metallurgy_port at 0.65 km)
ind_seed_0115,INDUSTRIAL_FIRE,FIRMS_OSM_INDUSTRIAL_WEAK,WEAK_LABEL,13.248,80.348,2026-09-06T05:12:00Z,,35.8,0.8,petrochemical,"B02,B03,B04,B08,B11,B12",samples\ind_seed_0115.npz,ACCEPTABLE,Industrial benchmark candidate: Manali Petrochemical Complex Chennai (petrochemical at 0.8 km)
ind_seed_0116,INDUSTRIAL_FIRE,FIRMS_OSM_INDUSTRIAL_WEAK,WEAK_LABEL,24.288,82.758,2026-09-06T05:12:00Z,,38.0,0.95,power_plant,"B02,B03,B04,B08,B11,B12",samples\ind_seed_0116.npz,ACCEPTABLE,Industrial benchmark candidate: Singrauli Super Thermal Power & Coal Belt (power_plant at 0.95 km)
ind_seed_0117,INDUSTRIAL_FIRE,FIRMS_OSM_INDUSTRIAL_WEAK,WEAK_LABEL,22.308,84.948,2026-09-06T05:12:00Z,,40.2,1.1,steel_works,"B02,B03,B04,B08,B11,B12",samples\ind_seed_0117.npz,ACCEPTABLE,Industrial benchmark candidate: Rourkela Steel Complex (steel_works at 1.1 km)
ind_seed_0118,INDUSTRIAL_FIRE,FIRMS_OSM_INDUSTRIAL_WEAK,WEAK_LABEL,21.798,72.668,2026-09-06T05:12:00Z,,42.4,1.25,chemical_storage,"B02,B03,B04,B08,B11,B12",samples\ind_seed_0118.npz,ACCEPTABLE,Industrial benchmark candidate: Dahej Petroleum & Chemical SEZ (chemical_storage at 1.25 km)
ind_seed_0119,INDUSTRIAL_FIRE,FIRMS_OSM_INDUSTRIAL_WEAK,WEAK_LABEL,20.458,72.998,2026-09-06T05:12:00Z,,44.6,1.4,manufacturing_chemical,"B02,B03,B04,B08,B11,B12",samples\ind_seed_0119.npz,ACCEPTABLE,Industrial benchmark candidate: Vapi GIDC Chemical Estate (manufacturing_chemical at 1.4 km)
ind_seed_0120,INDUSTRIAL_FIRE,FIRMS_OSM_INDUSTRIAL_WEAK,WEAK_LABEL,20.928,85.188,2026-09-06T05:12:00Z,,46.8,1.55,aluminum_smelter,"B02,B03,B04,B08,B11,B12",samples\ind_seed_0120.npz,ACCEPTABLE,Industrial benchmark candidate: Angul Industrial Smelter (aluminum_smelter at 1.55 km)
ind_seed_0121,INDUSTRIAL_FIRE,FIRMS_OSM_INDUSTRIAL_WEAK,WEAK_LABEL,22.476,69.926,2026-09-06T05:12:00Z,,5.0,0.2,refinery,"B02,B03,B04,B08,B11,B12",samples\ind_seed_0121.npz,GOOD,Industrial benchmark candidate: Jamnagar Refinery Complex (refinery at 0.2 km)
ind_seed_0122,INDUSTRIAL_FIRE,FIRMS_OSM_INDUSTRIAL_WEAK,WEAK_LABEL,21.276,81.476,2026-09-06T05:12:00Z,,7.2,0.35,steel_mill,"B02,B03,B04,B08,B11,B12",samples\ind_seed_0122.npz,GOOD,Industrial benchmark candidate: Bhilai Steel Plant (steel_mill at 0.35 km)
ind_seed_0123,INDUSTRIAL_FIRE,FIRMS_OSM_INDUSTRIAL_WEAK,WEAK_LABEL,21.206,72.746,2026-09-06T05:12:00Z,,9.4,0.5,chemical_petrochemical,"B02,B03,B04,B08,B11,B12",samples\ind_seed_0123.npz,GOOD,Industrial benchmark candidate: Hazira Industrial Hub (chemical_petrochemical at 0.5 km)
ind_seed_0124,INDUSTRIAL_FIRE,FIRMS_OSM_INDUSTRIAL_WEAK,WEAK_LABEL,17.726,83.276,2026-09-06T05:12:00Z,,11.6,0.65,metallurgy_port,"B02,B03,B04,B08,B11,B12",samples\ind_seed_0124.npz,GOOD,Industrial benchmark candidate: Visakhapatnam Steel & Industrial Zone (metallurgy_port at 0.65 km)
ind_seed_0125,INDUSTRIAL_FIRE,FIRMS_OSM_INDUSTRIAL_WEAK,WEAK_LABEL,13.256,80.356,2026-09-06T05:12:00Z,,13.8,0.8,petrochemical,"B02,B03,B04,B08,B11,B12",samples\ind_seed_0125.npz,GOOD,Industrial benchmark candidate: Manali Petrochemical Complex Chennai (petrochemical at 0.8 km)
ind_seed_0126,INDUSTRIAL_FIRE,FIRMS_OSM_INDUSTRIAL_WEAK,WEAK_LABEL,24.296,82.766,2026-09-06T05:12:00Z,,16.0,0.95,power_plant,"B02,B03,B04,B08,B11,B12",samples\ind_seed_0126.npz,GOOD,Industrial benchmark candidate: Singrauli Super Thermal Power & Coal Belt (power_plant at 0.95 km)
ind_seed_0127,INDUSTRIAL_FIRE,FIRMS_OSM_INDUSTRIAL_WEAK,WEAK_LABEL,22.316,84.956,2026-09-06T05:12:00Z,,18.2,1.1,steel_works,"B02,B03,B04,B08,B11,B12",samples\ind_seed_0127.npz,GOOD,Industrial benchmark candidate: Rourkela Steel Complex (steel_works at 1.1 km)
ind_seed_0128,INDUSTRIAL_FIRE,FIRMS_OSM_INDUSTRIAL_WEAK,WEAK_LABEL,21.806,72.676,2026-09-06T05:12:00Z,,20.4,1.25,chemical_storage,"B02,B03,B04,B08,B11,B12",samples\ind_seed_0128.npz,GOOD,Industrial benchmark candidate: Dahej Petroleum & Chemical SEZ (chemical_storage at 1.25 km)
ind_seed_0129,INDUSTRIAL_FIRE,FIRMS_OSM_INDUSTRIAL_WEAK,WEAK_LABEL,20.466,73.006,2026-09-06T05:12:00Z,,22.6,1.4,manufacturing_chemical,"B02,B03,B04,B08,B11,B12",samples\ind_seed_0129.npz,GOOD,Industrial benchmark candidate: Vapi GIDC Chemical Estate (manufacturing_chemical at 1.4 km)
ind_seed_0130,INDUSTRIAL_FIRE,FIRMS_OSM_INDUSTRIAL_WEAK,WEAK_LABEL,20.936,85.196,2026-09-06T05:12:00Z,,24.8,1.55,aluminum_smelter,"B02,B03,B04,B08,B11,B12",samples\ind_seed_0130.npz,GOOD,Industrial benchmark candidate: Angul Industrial Smelter (aluminum_smelter at 1.55 km)
ind_seed_0131,INDUSTRIAL_FIRE,FIRMS_OSM_INDUSTRIAL_WEAK,WEAK_LABEL,22.484,69.934,2026-09-06T05:12:00Z,,27.0,0.2,refinery,"B02,B03,B04,B08,B11,B12",samples\ind_seed_0131.npz,GOOD,Industrial benchmark candidate: Jamnagar Refinery Complex (refinery at 0.2 km)
ind_seed_0132,INDUSTRIAL_FIRE,FIRMS_OSM_INDUSTRIAL_WEAK,WEAK_LABEL,21.284,81.484,2026-09-06T05:12:00Z,,29.2,0.35,steel_mill,"B02,B03,B04,B08,B11,B12",samples\ind_seed_0132.npz,GOOD,Industrial benchmark candidate: Bhilai Steel Plant (steel_mill at 0.35 km)
ind_seed_0133,INDUSTRIAL_FIRE,FIRMS_OSM_INDUSTRIAL_WEAK,WEAK_LABEL,21.214,72.754,2026-09-06T05:12:00Z,,31.4,0.5,chemical_petrochemical,"B02,B03,B04,B08,B11,B12",samples\ind_seed_0133.npz,ACCEPTABLE,Industrial benchmark candidate: Hazira Industrial Hub (chemical_petrochemical at 0.5 km)
ind_seed_0134,INDUSTRIAL_FIRE,FIRMS_OSM_INDUSTRIAL_WEAK,WEAK_LABEL,17.734,83.284,2026-09-06T05:12:00Z,,33.6,0.65,metallurgy_port,"B02,B03,B04,B08,B11,B12",samples\ind_seed_0134.npz,ACCEPTABLE,Industrial benchmark candidate: Visakhapatnam Steel & Industrial Zone (metallurgy_port at 0.65 km)
ind_seed_0135,INDUSTRIAL_FIRE,FIRMS_OSM_INDUSTRIAL_WEAK,WEAK_LABEL,13.264,80.364,2026-09-06T05:12:00Z,,35.8,0.8,petrochemical,"B02,B03,B04,B08,B11,B12",samples\ind_seed_0135.npz,ACCEPTABLE,Industrial benchmark candidate: Manali Petrochemical Complex Chennai (petrochemical at 0.8 km)
ind_seed_0136,INDUSTRIAL_FIRE,FIRMS_OSM_INDUSTRIAL_WEAK,WEAK_LABEL,24.304,82.774,2026-09-06T05:12:00Z,,38.0,0.95,power_plant,"B02,B03,B04,B08,B11,B12",samples\ind_seed_0136.npz,ACCEPTABLE,Industrial benchmark candidate: Singrauli Super Thermal Power & Coal Belt (power_plant at 0.95 km)
ind_seed_0137,INDUSTRIAL_FIRE,FIRMS_OSM_INDUSTRIAL_WEAK,WEAK_LABEL,22.324,84.964,2026-09-06T05:12:00Z,,40.2,1.1,steel_works,"B02,B03,B04,B08,B11,B12",samples\ind_seed_0137.npz,ACCEPTABLE,Industrial benchmark candidate: Rourkela Steel Complex (steel_works at 1.1 km)
ind_seed_0138,INDUSTRIAL_FIRE,FIRMS_OSM_INDUSTRIAL_WEAK,WEAK_LABEL,21.814,72.684,2026-09-06T05:12:00Z,,42.4,1.25,chemical_storage,"B02,B03,B04,B08,B11,B12",samples\ind_seed_0138.npz,ACCEPTABLE,Industrial benchmark candidate: Dahej Petroleum & Chemical SEZ (chemical_storage at 1.25 km)
ind_seed_0139,INDUSTRIAL_FIRE,FIRMS_OSM_INDUSTRIAL_WEAK,WEAK_LABEL,20.474,73.014,2026-09-06T05:12:00Z,,44.6,1.4,manufacturing_chemical,"B02,B03,B04,B08,B11,B12",samples\ind_seed_0139.npz,ACCEPTABLE,Industrial benchmark candidate: Vapi GIDC Chemical Estate (manufacturing_chemical at 1.4 km)
ind_seed_0140,INDUSTRIAL_FIRE,FIRMS_OSM_INDUSTRIAL_WEAK,WEAK_LABEL,20.944,85.204,2026-09-06T05:12:00Z,,46.8,1.55,aluminum_smelter,"B02,B03,B04,B08,B11,B12",samples\ind_seed_0140.npz,ACCEPTABLE,Industrial benchmark candidate: Angul Industrial Smelter (aluminum_smelter at 1.55 km)
ind_seed_0141,INDUSTRIAL_FIRE,FIRMS_OSM_INDUSTRIAL_WEAK,WEAK_LABEL,22.492,69.942,2026-09-06T05:12:00Z,,5.0,0.2,refinery,"B02,B03,B04,B08,B11,B12",samples\ind_seed_0141.npz,GOOD,Industrial benchmark candidate: Jamnagar Refinery Complex (refinery at 0.2 km)
ind_seed_0142,INDUSTRIAL_FIRE,FIRMS_OSM_INDUSTRIAL_WEAK,WEAK_LABEL,21.292,81.492,2026-09-06T05:12:00Z,,7.2,0.35,steel_mill,"B02,B03,B04,B08,B11,B12",samples\ind_seed_0142.npz,GOOD,Industrial benchmark candidate: Bhilai Steel Plant (steel_mill at 0.35 km)
ind_seed_0143,INDUSTRIAL_FIRE,FIRMS_OSM_INDUSTRIAL_WEAK,WEAK_LABEL,21.222,72.762,2026-09-06T05:12:00Z,,9.4,0.5,chemical_petrochemical,"B02,B03,B04,B08,B11,B12",samples\ind_seed_0143.npz,GOOD,Industrial benchmark candidate: Hazira Industrial Hub (chemical_petrochemical at 0.5 km)
ind_seed_0144,INDUSTRIAL_FIRE,FIRMS_OSM_INDUSTRIAL_WEAK,WEAK_LABEL,17.742,83.292,2026-09-06T05:12:00Z,,11.6,0.65,metallurgy_port,"B02,B03,B04,B08,B11,B12",samples\ind_seed_0144.npz,GOOD,Industrial benchmark candidate: Visakhapatnam Steel & Industrial Zone (metallurgy_port at 0.65 km)
ind_seed_0145,INDUSTRIAL_FIRE,FIRMS_OSM_INDUSTRIAL_WEAK,WEAK_LABEL,13.272,80.372,2026-09-06T05:12:00Z,,13.8,0.8,petrochemical,"B02,B03,B04,B08,B11,B12",samples\ind_seed_0145.npz,GOOD,Industrial benchmark candidate: Manali Petrochemical Complex Chennai (petrochemical at 0.8 km)
ind_seed_0146,INDUSTRIAL_FIRE,FIRMS_OSM_INDUSTRIAL_WEAK,WEAK_LABEL,24.312,82.782,2026-09-06T05:12:00Z,,16.0,0.95,power_plant,"B02,B03,B04,B08,B11,B12",samples\ind_seed_0146.npz,GOOD,Industrial benchmark candidate: Singrauli Super Thermal Power & Coal Belt (power_plant at 0.95 km)
ind_seed_0147,INDUSTRIAL_FIRE,FIRMS_OSM_INDUSTRIAL_WEAK,WEAK_LABEL,22.332,84.972,2026-09-06T05:12:00Z,,18.2,1.1,steel_works,"B02,B03,B04,B08,B11,B12",samples\ind_seed_0147.npz,GOOD,Industrial benchmark candidate: Rourkela Steel Complex (steel_works at 1.1 km)
ind_seed_0148,INDUSTRIAL_FIRE,FIRMS_OSM_INDUSTRIAL_WEAK,WEAK_LABEL,21.822,72.692,2026-09-06T05:12:00Z,,20.4,1.25,chemical_storage,"B02,B03,B04,B08,B11,B12",samples\ind_seed_0148.npz,GOOD,Industrial benchmark candidate: Dahej Petroleum & Chemical SEZ (chemical_storage at 1.25 km)
ind_seed_0149,INDUSTRIAL_FIRE,FIRMS_OSM_INDUSTRIAL_WEAK,WEAK_LABEL,20.482,73.022,2026-09-06T05:12:00Z,,22.6,1.4,manufacturing_chemical,"B02,B03,B04,B08,B11,B12",samples\ind_seed_0149.npz,GOOD,Industrial benchmark candidate: Vapi GIDC Chemical Estate (manufacturing_chemical at 1.4 km)
ind_seed_0150,INDUSTRIAL_FIRE,FIRMS_OSM_INDUSTRIAL_WEAK,WEAK_LABEL,20.952,85.212,2026-09-06T05:12:00Z,,24.8,1.55,aluminum_smelter,"B02,B03,B04,B08,B11,B12",samples\ind_seed_0150.npz,GOOD,Industrial benchmark candidate: Angul Industrial Smelter (aluminum_smelter at 1.55 km)
ind_seed_0151,INDUSTRIAL_FIRE,FIRMS_OSM_INDUSTRIAL_WEAK,WEAK_LABEL,22.5,69.95,2026-09-06T05:12:00Z,,27.0,0.2,refinery,"B02,B03,B04,B08,B11,B12",samples\ind_seed_0151.npz,GOOD,Industrial benchmark candidate: Jamnagar Refinery Complex (refinery at 0.2 km)
ind_seed_0152,INDUSTRIAL_FIRE,FIRMS_OSM_INDUSTRIAL_WEAK,WEAK_LABEL,21.3,81.5,2026-09-06T05:12:00Z,,29.2,0.35,steel_mill,"B02,B03,B04,B08,B11,B12",samples\ind_seed_0152.npz,GOOD,Industrial benchmark candidate: Bhilai Steel Plant (steel_mill at 0.35 km)
ind_seed_0153,INDUSTRIAL_FIRE,FIRMS_OSM_INDUSTRIAL_WEAK,WEAK_LABEL,21.23,72.77,2026-09-06T05:12:00Z,,31.4,0.5,chemical_petrochemical,"B02,B03,B04,B08,B11,B12",samples\ind_seed_0153.npz,ACCEPTABLE,Industrial benchmark candidate: Hazira Industrial Hub (chemical_petrochemical at 0.5 km)
ind_seed_0154,INDUSTRIAL_FIRE,FIRMS_OSM_INDUSTRIAL_WEAK,WEAK_LABEL,17.75,83.3,2026-09-06T05:12:00Z,,33.6,0.65,metallurgy_port,"B02,B03,B04,B08,B11,B12",samples\ind_seed_0154.npz,ACCEPTABLE,Industrial benchmark candidate: Visakhapatnam Steel & Industrial Zone (metallurgy_port at 0.65 km)
ind_seed_0155,INDUSTRIAL_FIRE,FIRMS_OSM_INDUSTRIAL_WEAK,WEAK_LABEL,13.28,80.38,2026-09-06T05:12:00Z,,35.8,0.8,petrochemical,"B02,B03,B04,B08,B11,B12",samples\ind_seed_0155.npz,ACCEPTABLE,Industrial benchmark candidate: Manali Petrochemical Complex Chennai (petrochemical at 0.8 km)
ind_seed_0156,INDUSTRIAL_FIRE,FIRMS_OSM_INDUSTRIAL_WEAK,WEAK_LABEL,24.32,82.79,2026-09-06T05:12:00Z,,38.0,0.95,power_plant,"B02,B03,B04,B08,B11,B12",samples\ind_seed_0156.npz,ACCEPTABLE,Industrial benchmark candidate: Singrauli Super Thermal Power & Coal Belt (power_plant at 0.95 km)
ind_seed_0157,INDUSTRIAL_FIRE,FIRMS_OSM_INDUSTRIAL_WEAK,WEAK_LABEL,22.34,84.98,2026-09-06T05:12:00Z,,40.2,1.1,steel_works,"B02,B03,B04,B08,B11,B12",samples\ind_seed_0157.npz,ACCEPTABLE,Industrial benchmark candidate: Rourkela Steel Complex (steel_works at 1.1 km)
ind_seed_0158,INDUSTRIAL_FIRE,FIRMS_OSM_INDUSTRIAL_WEAK,WEAK_LABEL,21.83,72.7,2026-09-06T05:12:00Z,,42.4,1.25,chemical_storage,"B02,B03,B04,B08,B11,B12",samples\ind_seed_0158.npz,ACCEPTABLE,Industrial benchmark candidate: Dahej Petroleum & Chemical SEZ (chemical_storage at 1.25 km)
ind_seed_0159,INDUSTRIAL_FIRE,FIRMS_OSM_INDUSTRIAL_WEAK,WEAK_LABEL,20.49,73.03,2026-09-06T05:12:00Z,,44.6,1.4,manufacturing_chemical,"B02,B03,B04,B08,B11,B12",samples\ind_seed_0159.npz,ACCEPTABLE,Industrial benchmark candidate: Vapi GIDC Chemical Estate (manufacturing_chemical at 1.4 km)
ind_seed_0160,INDUSTRIAL_FIRE,FIRMS_OSM_INDUSTRIAL_WEAK,WEAK_LABEL,20.96,85.22,2026-09-06T05:12:00Z,,46.8,1.55,aluminum_smelter,"B02,B03,B04,B08,B11,B12",samples\ind_seed_0160.npz,ACCEPTABLE,Industrial benchmark candidate: Angul Industrial Smelter (aluminum_smelter at 1.55 km)
ind_seed_0161,INDUSTRIAL_FIRE,FIRMS_OSM_INDUSTRIAL_WEAK,WEAK_LABEL,22.508,69.958,2026-09-06T05:12:00Z,,5.0,0.2,refinery,"B02,B03,B04,B08,B11,B12",samples\ind_seed_0161.npz,GOOD,Industrial benchmark candidate: Jamnagar Refinery Complex (refinery at 0.2 km)
ind_seed_0162,INDUSTRIAL_FIRE,FIRMS_OSM_INDUSTRIAL_WEAK,WEAK_LABEL,21.308,81.508,2026-09-06T05:12:00Z,,7.2,0.35,steel_mill,"B02,B03,B04,B08,B11,B12",samples\ind_seed_0162.npz,GOOD,Industrial benchmark candidate: Bhilai Steel Plant (steel_mill at 0.35 km)
ind_seed_0163,INDUSTRIAL_FIRE,FIRMS_OSM_INDUSTRIAL_WEAK,WEAK_LABEL,21.238,72.778,2026-09-06T05:12:00Z,,9.4,0.5,chemical_petrochemical,"B02,B03,B04,B08,B11,B12",samples\ind_seed_0163.npz,GOOD,Industrial benchmark candidate: Hazira Industrial Hub (chemical_petrochemical at 0.5 km)
ind_seed_0164,INDUSTRIAL_FIRE,FIRMS_OSM_INDUSTRIAL_WEAK,WEAK_LABEL,17.758,83.308,2026-09-06T05:12:00Z,,11.6,0.65,metallurgy_port,"B02,B03,B04,B08,B11,B12",samples\ind_seed_0164.npz,GOOD,Industrial benchmark candidate: Visakhapatnam Steel & Industrial Zone (metallurgy_port at 0.65 km)
ind_seed_0165,INDUSTRIAL_FIRE,FIRMS_OSM_INDUSTRIAL_WEAK,WEAK_LABEL,13.288,80.388,2026-09-06T05:12:00Z,,13.8,0.8,petrochemical,"B02,B03,B04,B08,B11,B12",samples\ind_seed_0165.npz,GOOD,Industrial benchmark candidate: Manali Petrochemical Complex Chennai (petrochemical at 0.8 km)
ind_seed_0166,INDUSTRIAL_FIRE,FIRMS_OSM_INDUSTRIAL_WEAK,WEAK_LABEL,24.328,82.798,2026-09-06T05:12:00Z,,16.0,0.95,power_plant,"B02,B03,B04,B08,B11,B12",samples\ind_seed_0166.npz,GOOD,Industrial benchmark candidate: Singrauli Super Thermal Power & Coal Belt (power_plant at 0.95 km)
ind_seed_0167,INDUSTRIAL_FIRE,FIRMS_OSM_INDUSTRIAL_WEAK,WEAK_LABEL,22.348,84.988,2026-09-06T05:12:00Z,,18.2,1.1,steel_works,"B02,B03,B04,B08,B11,B12",samples\ind_seed_0167.npz,GOOD,Industrial benchmark candidate: Rourkela Steel Complex (steel_works at 1.1 km)
ind_seed_0168,INDUSTRIAL_FIRE,FIRMS_OSM_INDUSTRIAL_WEAK,WEAK_LABEL,21.838,72.708,2026-09-06T05:12:00Z,,20.4,1.25,chemical_storage,"B02,B03,B04,B08,B11,B12",samples\ind_seed_0168.npz,GOOD,Industrial benchmark candidate: Dahej Petroleum & Chemical SEZ (chemical_storage at 1.25 km)
ind_seed_0169,INDUSTRIAL_FIRE,FIRMS_OSM_INDUSTRIAL_WEAK,WEAK_LABEL,20.498,73.038,2026-09-06T05:12:00Z,,22.6,1.4,manufacturing_chemical,"B02,B03,B04,B08,B11,B12",samples\ind_seed_0169.npz,GOOD,Industrial benchmark candidate: Vapi GIDC Chemical Estate (manufacturing_chemical at 1.4 km)
ind_seed_0170,INDUSTRIAL_FIRE,FIRMS_OSM_INDUSTRIAL_WEAK,WEAK_LABEL,20.968,85.228,2026-09-06T05:12:00Z,,24.8,1.55,aluminum_smelter,"B02,B03,B04,B08,B11,B12",samples\ind_seed_0170.npz,GOOD,Industrial benchmark candidate: Angul Industrial Smelter (aluminum_smelter at 1.55 km)
ind_seed_0171,INDUSTRIAL_FIRE,FIRMS_OSM_INDUSTRIAL_WEAK,WEAK_LABEL,22.516,69.966,2026-09-06T05:12:00Z,,27.0,0.2,refinery,"B02,B03,B04,B08,B11,B12",samples\ind_seed_0171.npz,GOOD,Industrial benchmark candidate: Jamnagar Refinery Complex (refinery at 0.2 km)
ind_seed_0172,INDUSTRIAL_FIRE,FIRMS_OSM_INDUSTRIAL_WEAK,WEAK_LABEL,21.316,81.516,2026-09-06T05:12:00Z,,29.2,0.35,steel_mill,"B02,B03,B04,B08,B11,B12",samples\ind_seed_0172.npz,GOOD,Industrial benchmark candidate: Bhilai Steel Plant (steel_mill at 0.35 km)
ind_seed_0173,INDUSTRIAL_FIRE,FIRMS_OSM_INDUSTRIAL_WEAK,WEAK_LABEL,21.246,72.786,2026-09-06T05:12:00Z,,31.4,0.5,chemical_petrochemical,"B02,B03,B04,B08,B11,B12",samples\ind_seed_0173.npz,ACCEPTABLE,Industrial benchmark candidate: Hazira Industrial Hub (chemical_petrochemical at 0.5 km)
ind_seed_0174,INDUSTRIAL_FIRE,FIRMS_OSM_INDUSTRIAL_WEAK,WEAK_LABEL,17.766,83.316,2026-09-06T05:12:00Z,,33.6,0.65,metallurgy_port,"B02,B03,B04,B08,B11,B12",samples\ind_seed_0174.npz,ACCEPTABLE,Industrial benchmark candidate: Visakhapatnam Steel & Industrial Zone (metallurgy_port at 0.65 km)
ind_seed_0175,INDUSTRIAL_FIRE,FIRMS_OSM_INDUSTRIAL_WEAK,WEAK_LABEL,13.296,80.396,2026-09-06T05:12:00Z,,35.8,0.8,petrochemical,"B02,B03,B04,B08,B11,B12",samples\ind_seed_0175.npz,ACCEPTABLE,Industrial benchmark candidate: Manali Petrochemical Complex Chennai (petrochemical at 0.8 km)
ind_seed_0176,INDUSTRIAL_FIRE,FIRMS_OSM_INDUSTRIAL_WEAK,WEAK_LABEL,24.336,82.806,2026-09-06T05:12:00Z,,38.0,0.95,power_plant,"B02,B03,B04,B08,B11,B12",samples\ind_seed_0176.npz,ACCEPTABLE,Industrial benchmark candidate: Singrauli Super Thermal Power & Coal Belt (power_plant at 0.95 km)
ind_seed_0177,INDUSTRIAL_FIRE,FIRMS_OSM_INDUSTRIAL_WEAK,WEAK_LABEL,22.356,84.996,2026-09-06T05:12:00Z,,40.2,1.1,steel_works,"B02,B03,B04,B08,B11,B12",samples\ind_seed_0177.npz,ACCEPTABLE,Industrial benchmark candidate: Rourkela Steel Complex (steel_works at 1.1 km)
ind_seed_0178,INDUSTRIAL_FIRE,FIRMS_OSM_INDUSTRIAL_WEAK,WEAK_LABEL,21.846,72.716,2026-09-06T05:12:00Z,,42.4,1.25,chemical_storage,"B02,B03,B04,B08,B11,B12",samples\ind_seed_0178.npz,ACCEPTABLE,Industrial benchmark candidate: Dahej Petroleum & Chemical SEZ (chemical_storage at 1.25 km)
ind_seed_0179,INDUSTRIAL_FIRE,FIRMS_OSM_INDUSTRIAL_WEAK,WEAK_LABEL,20.506,73.046,2026-09-06T05:12:00Z,,44.6,1.4,manufacturing_chemical,"B02,B03,B04,B08,B11,B12",samples\ind_seed_0179.npz,ACCEPTABLE,Industrial benchmark candidate: Vapi GIDC Chemical Estate (manufacturing_chemical at 1.4 km)
ind_seed_0180,INDUSTRIAL_FIRE,FIRMS_OSM_INDUSTRIAL_WEAK,WEAK_LABEL,20.976,85.236,2026-09-06T05:12:00Z,,46.8,1.55,aluminum_smelter,"B02,B03,B04,B08,B11,B12",samples\ind_seed_0180.npz,ACCEPTABLE,Industrial benchmark candidate: Angul Industrial Smelter (aluminum_smelter at 1.55 km)
ind_seed_0181,INDUSTRIAL_FIRE,FIRMS_OSM_INDUSTRIAL_WEAK,WEAK_LABEL,22.524,69.974,2026-09-06T05:12:00Z,,5.0,0.2,refinery,"B02,B03,B04,B08,B11,B12",samples\ind_seed_0181.npz,GOOD,Industrial benchmark candidate: Jamnagar Refinery Complex (refinery at 0.2 km)
ind_seed_0182,INDUSTRIAL_FIRE,FIRMS_OSM_INDUSTRIAL_WEAK,WEAK_LABEL,21.324,81.524,2026-09-06T05:12:00Z,,7.2,0.35,steel_mill,"B02,B03,B04,B08,B11,B12",samples\ind_seed_0182.npz,GOOD,Industrial benchmark candidate: Bhilai Steel Plant (steel_mill at 0.35 km)
ind_seed_0183,INDUSTRIAL_FIRE,FIRMS_OSM_INDUSTRIAL_WEAK,WEAK_LABEL,21.254,72.794,2026-09-06T05:12:00Z,,9.4,0.5,chemical_petrochemical,"B02,B03,B04,B08,B11,B12",samples\ind_seed_0183.npz,GOOD,Industrial benchmark candidate: Hazira Industrial Hub (chemical_petrochemical at 0.5 km)
ind_seed_0184,INDUSTRIAL_FIRE,FIRMS_OSM_INDUSTRIAL_WEAK,WEAK_LABEL,17.774,83.324,2026-09-06T05:12:00Z,,11.6,0.65,metallurgy_port,"B02,B03,B04,B08,B11,B12",samples\ind_seed_0184.npz,GOOD,Industrial benchmark candidate: Visakhapatnam Steel & Industrial Zone (metallurgy_port at 0.65 km)
ind_seed_0185,INDUSTRIAL_FIRE,FIRMS_OSM_INDUSTRIAL_WEAK,WEAK_LABEL,13.304,80.404,2026-09-06T05:12:00Z,,13.8,0.8,petrochemical,"B02,B03,B04,B08,B11,B12",samples\ind_seed_0185.npz,GOOD,Industrial benchmark candidate: Manali Petrochemical Complex Chennai (petrochemical at 0.8 km)
ind_seed_0186,INDUSTRIAL_FIRE,FIRMS_OSM_INDUSTRIAL_WEAK,WEAK_LABEL,24.344,82.814,2026-09-06T05:12:00Z,,16.0,0.95,power_plant,"B02,B03,B04,B08,B11,B12",samples\ind_seed_0186.npz,GOOD,Industrial benchmark candidate: Singrauli Super Thermal Power & Coal Belt (power_plant at 0.95 km)
ind_seed_0187,INDUSTRIAL_FIRE,FIRMS_OSM_INDUSTRIAL_WEAK,WEAK_LABEL,22.364,85.004,2026-09-06T05:12:00Z,,18.2,1.1,steel_works,"B02,B03,B04,B08,B11,B12",samples\ind_seed_0187.npz,GOOD,Industrial benchmark candidate: Rourkela Steel Complex (steel_works at 1.1 km)
ind_seed_0188,INDUSTRIAL_FIRE,FIRMS_OSM_INDUSTRIAL_WEAK,WEAK_LABEL,21.854,72.724,2026-09-06T05:12:00Z,,20.4,1.25,chemical_storage,"B02,B03,B04,B08,B11,B12",samples\ind_seed_0188.npz,GOOD,Industrial benchmark candidate: Dahej Petroleum & Chemical SEZ (chemical_storage at 1.25 km)
ind_seed_0189,INDUSTRIAL_FIRE,FIRMS_OSM_INDUSTRIAL_WEAK,WEAK_LABEL,20.514,73.054,2026-09-06T05:12:00Z,,22.6,1.4,manufacturing_chemical,"B02,B03,B04,B08,B11,B12",samples\ind_seed_0189.npz,GOOD,Industrial benchmark candidate: Vapi GIDC Chemical Estate (manufacturing_chemical at 1.4 km)
ind_seed_0190,INDUSTRIAL_FIRE,FIRMS_OSM_INDUSTRIAL_WEAK,WEAK_LABEL,20.984,85.244,2026-09-06T05:12:00Z,,24.8,1.55,aluminum_smelter,"B02,B03,B04,B08,B11,B12",samples\ind_seed_0190.npz,GOOD,Industrial benchmark candidate: Angul Industrial Smelter (aluminum_smelter at 1.55 km)
ind_seed_0191,INDUSTRIAL_FIRE,FIRMS_OSM_INDUSTRIAL_WEAK,WEAK_LABEL,22.532,69.982,2026-09-06T05:12:00Z,,27.0,0.2,refinery,"B02,B03,B04,B08,B11,B12",samples\ind_seed_0191.npz,GOOD,Industrial benchmark candidate: Jamnagar Refinery Complex (refinery at 0.2 km)
ind_seed_0192,INDUSTRIAL_FIRE,FIRMS_OSM_INDUSTRIAL_WEAK,WEAK_LABEL,21.332,81.532,2026-09-06T05:12:00Z,,29.2,0.35,steel_mill,"B02,B03,B04,B08,B11,B12",samples\ind_seed_0192.npz,GOOD,Industrial benchmark candidate: Bhilai Steel Plant (steel_mill at 0.35 km)
ind_seed_0193,INDUSTRIAL_FIRE,FIRMS_OSM_INDUSTRIAL_WEAK,WEAK_LABEL,21.262,72.802,2026-09-06T05:12:00Z,,31.4,0.5,chemical_petrochemical,"B02,B03,B04,B08,B11,B12",samples\ind_seed_0193.npz,ACCEPTABLE,Industrial benchmark candidate: Hazira Industrial Hub (chemical_petrochemical at 0.5 km)
ind_seed_0194,INDUSTRIAL_FIRE,FIRMS_OSM_INDUSTRIAL_WEAK,WEAK_LABEL,17.782,83.332,2026-09-06T05:12:00Z,,33.6,0.65,metallurgy_port,"B02,B03,B04,B08,B11,B12",samples\ind_seed_0194.npz,ACCEPTABLE,Industrial benchmark candidate: Visakhapatnam Steel & Industrial Zone (metallurgy_port at 0.65 km)
ind_seed_0195,INDUSTRIAL_FIRE,FIRMS_OSM_INDUSTRIAL_WEAK,WEAK_LABEL,13.312,80.412,2026-09-06T05:12:00Z,,35.8,0.8,petrochemical,"B02,B03,B04,B08,B11,B12",samples\ind_seed_0195.npz,ACCEPTABLE,Industrial benchmark candidate: Manali Petrochemical Complex Chennai (petrochemical at 0.8 km)
ind_seed_0196,INDUSTRIAL_FIRE,FIRMS_OSM_INDUSTRIAL_WEAK,WEAK_LABEL,24.352,82.822,2026-09-06T05:12:00Z,,38.0,0.95,power_plant,"B02,B03,B04,B08,B11,B12",samples\ind_seed_0196.npz,ACCEPTABLE,Industrial benchmark candidate: Singrauli Super Thermal Power & Coal Belt (power_plant at 0.95 km)
ind_seed_0197,INDUSTRIAL_FIRE,FIRMS_OSM_INDUSTRIAL_WEAK,WEAK_LABEL,22.372,85.012,2026-09-06T05:12:00Z,,40.2,1.1,steel_works,"B02,B03,B04,B08,B11,B12",samples\ind_seed_0197.npz,ACCEPTABLE,Industrial benchmark candidate: Rourkela Steel Complex (steel_works at 1.1 km)
ind_seed_0198,INDUSTRIAL_FIRE,FIRMS_OSM_INDUSTRIAL_WEAK,WEAK_LABEL,21.862,72.732,2026-09-06T05:12:00Z,,42.4,1.25,chemical_storage,"B02,B03,B04,B08,B11,B12",samples\ind_seed_0198.npz,ACCEPTABLE,Industrial benchmark candidate: Dahej Petroleum & Chemical SEZ (chemical_storage at 1.25 km)
ind_seed_0199,INDUSTRIAL_FIRE,FIRMS_OSM_INDUSTRIAL_WEAK,WEAK_LABEL,20.522,73.062,2026-09-06T05:12:00Z,,44.6,1.4,manufacturing_chemical,"B02,B03,B04,B08,B11,B12",samples\ind_seed_0199.npz,ACCEPTABLE,Industrial benchmark candidate: Vapi GIDC Chemical Estate (manufacturing_chemical at 1.4 km)
ind_seed_0200,INDUSTRIAL_FIRE,FIRMS_OSM_INDUSTRIAL_WEAK,WEAK_LABEL,20.992,85.252,2026-09-06T05:12:00Z,,46.8,1.55,aluminum_smelter,"B02,B03,B04,B08,B11,B12",samples\ind_seed_0200.npz,ACCEPTABLE,Industrial benchmark candidate: Angul Industrial Smelter (aluminum_smelter at 1.55 km)
ind_seed_0201,INDUSTRIAL_FIRE,FIRMS_OSM_INDUSTRIAL_WEAK,WEAK_LABEL,22.54,69.99,2026-09-06T05:12:00Z,,5.0,0.2,refinery,"B02,B03,B04,B08,B11,B12",samples\ind_seed_0201.npz,GOOD,Industrial benchmark candidate: Jamnagar Refinery Complex (refinery at 0.2 km)
ind_seed_0202,INDUSTRIAL_FIRE,FIRMS_OSM_INDUSTRIAL_WEAK,WEAK_LABEL,21.34,81.54,2026-09-06T05:12:00Z,,7.2,0.35,steel_mill,"B02,B03,B04,B08,B11,B12",samples\ind_seed_0202.npz,GOOD,Industrial benchmark candidate: Bhilai Steel Plant (steel_mill at 0.35 km)
ind_seed_0203,INDUSTRIAL_FIRE,FIRMS_OSM_INDUSTRIAL_WEAK,WEAK_LABEL,21.27,72.81,2026-09-06T05:12:00Z,,9.4,0.5,chemical_petrochemical,"B02,B03,B04,B08,B11,B12",samples\ind_seed_0203.npz,GOOD,Industrial benchmark candidate: Hazira Industrial Hub (chemical_petrochemical at 0.5 km)
ind_seed_0204,INDUSTRIAL_FIRE,FIRMS_OSM_INDUSTRIAL_WEAK,WEAK_LABEL,17.79,83.34,2026-09-06T05:12:00Z,,11.6,0.65,metallurgy_port,"B02,B03,B04,B08,B11,B12",samples\ind_seed_0204.npz,GOOD,Industrial benchmark candidate: Visakhapatnam Steel & Industrial Zone (metallurgy_port at 0.65 km)
ind_seed_0205,INDUSTRIAL_FIRE,FIRMS_OSM_INDUSTRIAL_WEAK,WEAK_LABEL,13.32,80.42,2026-09-06T05:12:00Z,,13.8,0.8,petrochemical,"B02,B03,B04,B08,B11,B12",samples\ind_seed_0205.npz,GOOD,Industrial benchmark candidate: Manali Petrochemical Complex Chennai (petrochemical at 0.8 km)
ind_seed_0206,INDUSTRIAL_FIRE,FIRMS_OSM_INDUSTRIAL_WEAK,WEAK_LABEL,24.36,82.83,2026-09-06T05:12:00Z,,16.0,0.95,power_plant,"B02,B03,B04,B08,B11,B12",samples\ind_seed_0206.npz,GOOD,Industrial benchmark candidate: Singrauli Super Thermal Power & Coal Belt (power_plant at 0.95 km)
ind_seed_0207,INDUSTRIAL_FIRE,FIRMS_OSM_INDUSTRIAL_WEAK,WEAK_LABEL,22.38,85.02,2026-09-06T05:12:00Z,,18.2,1.1,steel_works,"B02,B03,B04,B08,B11,B12",samples\ind_seed_0207.npz,GOOD,Industrial benchmark candidate: Rourkela Steel Complex (steel_works at 1.1 km)
ind_seed_0208,INDUSTRIAL_FIRE,FIRMS_OSM_INDUSTRIAL_WEAK,WEAK_LABEL,21.87,72.74,2026-09-06T05:12:00Z,,20.4,1.25,chemical_storage,"B02,B03,B04,B08,B11,B12",samples\ind_seed_0208.npz,GOOD,Industrial benchmark candidate: Dahej Petroleum & Chemical SEZ (chemical_storage at 1.25 km)
ind_seed_0209,INDUSTRIAL_FIRE,FIRMS_OSM_INDUSTRIAL_WEAK,WEAK_LABEL,20.53,73.07,2026-09-06T05:12:00Z,,22.6,1.4,manufacturing_chemical,"B02,B03,B04,B08,B11,B12",samples\ind_seed_0209.npz,GOOD,Industrial benchmark candidate: Vapi GIDC Chemical Estate (manufacturing_chemical at 1.4 km)
ind_seed_0210,INDUSTRIAL_FIRE,FIRMS_OSM_INDUSTRIAL_WEAK,WEAK_LABEL,21.0,85.26,2026-09-06T05:12:00Z,,24.8,1.55,aluminum_smelter,"B02,B03,B04,B08,B11,B12",samples\ind_seed_0210.npz,GOOD,Industrial benchmark candidate: Angul Industrial Smelter (aluminum_smelter at 1.55 km)
ind_seed_0211,INDUSTRIAL_FIRE,FIRMS_OSM_INDUSTRIAL_WEAK,WEAK_LABEL,22.548,69.998,2026-09-06T05:12:00Z,,27.0,0.2,refinery,"B02,B03,B04,B08,B11,B12",samples\ind_seed_0211.npz,GOOD,Industrial benchmark candidate: Jamnagar Refinery Complex (refinery at 0.2 km)
ind_seed_0212,INDUSTRIAL_FIRE,FIRMS_OSM_INDUSTRIAL_WEAK,WEAK_LABEL,21.348,81.548,2026-09-06T05:12:00Z,,29.2,0.35,steel_mill,"B02,B03,B04,B08,B11,B12",samples\ind_seed_0212.npz,GOOD,Industrial benchmark candidate: Bhilai Steel Plant (steel_mill at 0.35 km)
ind_seed_0213,INDUSTRIAL_FIRE,FIRMS_OSM_INDUSTRIAL_WEAK,WEAK_LABEL,21.278,72.818,2026-09-06T05:12:00Z,,31.4,0.5,chemical_petrochemical,"B02,B03,B04,B08,B11,B12",samples\ind_seed_0213.npz,ACCEPTABLE,Industrial benchmark candidate: Hazira Industrial Hub (chemical_petrochemical at 0.5 km)
ind_seed_0214,INDUSTRIAL_FIRE,FIRMS_OSM_INDUSTRIAL_WEAK,WEAK_LABEL,17.798,83.348,2026-09-06T05:12:00Z,,33.6,0.65,metallurgy_port,"B02,B03,B04,B08,B11,B12",samples\ind_seed_0214.npz,ACCEPTABLE,Industrial benchmark candidate: Visakhapatnam Steel & Industrial Zone (metallurgy_port at 0.65 km)
ind_seed_0215,INDUSTRIAL_FIRE,FIRMS_OSM_INDUSTRIAL_WEAK,WEAK_LABEL,13.328,80.428,2026-09-06T05:12:00Z,,35.8,0.8,petrochemical,"B02,B03,B04,B08,B11,B12",samples\ind_seed_0215.npz,ACCEPTABLE,Industrial benchmark candidate: Manali Petrochemical Complex Chennai (petrochemical at 0.8 km)
ind_seed_0216,INDUSTRIAL_FIRE,FIRMS_OSM_INDUSTRIAL_WEAK,WEAK_LABEL,24.368,82.838,2026-09-06T05:12:00Z,,38.0,0.95,power_plant,"B02,B03,B04,B08,B11,B12",samples\ind_seed_0216.npz,ACCEPTABLE,Industrial benchmark candidate: Singrauli Super Thermal Power & Coal Belt (power_plant at 0.95 km)
ind_seed_0217,INDUSTRIAL_FIRE,FIRMS_OSM_INDUSTRIAL_WEAK,WEAK_LABEL,22.388,85.028,2026-09-06T05:12:00Z,,40.2,1.1,steel_works,"B02,B03,B04,B08,B11,B12",samples\ind_seed_0217.npz,ACCEPTABLE,Industrial benchmark candidate: Rourkela Steel Complex (steel_works at 1.1 km)
ind_seed_0218,INDUSTRIAL_FIRE,FIRMS_OSM_INDUSTRIAL_WEAK,WEAK_LABEL,21.878,72.748,2026-09-06T05:12:00Z,,42.4,1.25,chemical_storage,"B02,B03,B04,B08,B11,B12",samples\ind_seed_0218.npz,ACCEPTABLE,Industrial benchmark candidate: Dahej Petroleum & Chemical SEZ (chemical_storage at 1.25 km)
ind_seed_0219,INDUSTRIAL_FIRE,FIRMS_OSM_INDUSTRIAL_WEAK,WEAK_LABEL,20.538,73.078,2026-09-06T05:12:00Z,,44.6,1.4,manufacturing_chemical,"B02,B03,B04,B08,B11,B12",samples\ind_seed_0219.npz,ACCEPTABLE,Industrial benchmark candidate: Vapi GIDC Chemical Estate (manufacturing_chemical at 1.4 km)
ind_seed_0220,INDUSTRIAL_FIRE,FIRMS_OSM_INDUSTRIAL_WEAK,WEAK_LABEL,21.008,85.268,2026-09-06T05:12:00Z,,46.8,1.55,aluminum_smelter,"B02,B03,B04,B08,B11,B12",samples\ind_seed_0220.npz,ACCEPTABLE,Industrial benchmark candidate: Angul Industrial Smelter (aluminum_smelter at 1.55 km)
ind_seed_0221,INDUSTRIAL_FIRE,FIRMS_OSM_INDUSTRIAL_WEAK,WEAK_LABEL,22.556,70.006,2026-09-06T05:12:00Z,,5.0,0.2,refinery,"B02,B03,B04,B08,B11,B12",samples\ind_seed_0221.npz,GOOD,Industrial benchmark candidate: Jamnagar Refinery Complex (refinery at 0.2 km)
ind_seed_0222,INDUSTRIAL_FIRE,FIRMS_OSM_INDUSTRIAL_WEAK,WEAK_LABEL,21.356,81.556,2026-09-06T05:12:00Z,,7.2,0.35,steel_mill,"B02,B03,B04,B08,B11,B12",samples\ind_seed_0222.npz,GOOD,Industrial benchmark candidate: Bhilai Steel Plant (steel_mill at 0.35 km)
ind_seed_0223,INDUSTRIAL_FIRE,FIRMS_OSM_INDUSTRIAL_WEAK,WEAK_LABEL,21.286,72.826,2026-09-06T05:12:00Z,,9.4,0.5,chemical_petrochemical,"B02,B03,B04,B08,B11,B12",samples\ind_seed_0223.npz,GOOD,Industrial benchmark candidate: Hazira Industrial Hub (chemical_petrochemical at 0.5 km)
ind_seed_0224,INDUSTRIAL_FIRE,FIRMS_OSM_INDUSTRIAL_WEAK,WEAK_LABEL,17.806,83.356,2026-09-06T05:12:00Z,,11.6,0.65,metallurgy_port,"B02,B03,B04,B08,B11,B12",samples\ind_seed_0224.npz,GOOD,Industrial benchmark candidate: Visakhapatnam Steel & Industrial Zone (metallurgy_port at 0.65 km)
ind_seed_0225,INDUSTRIAL_FIRE,FIRMS_OSM_INDUSTRIAL_WEAK,WEAK_LABEL,13.336,80.436,2026-09-06T05:12:00Z,,13.8,0.8,petrochemical,"B02,B03,B04,B08,B11,B12",samples\ind_seed_0225.npz,GOOD,Industrial benchmark candidate: Manali Petrochemical Complex Chennai (petrochemical at 0.8 km)
ind_seed_0226,INDUSTRIAL_FIRE,FIRMS_OSM_INDUSTRIAL_WEAK,WEAK_LABEL,24.376,82.846,2026-09-06T05:12:00Z,,16.0,0.95,power_plant,"B02,B03,B04,B08,B11,B12",samples\ind_seed_0226.npz,GOOD,Industrial benchmark candidate: Singrauli Super Thermal Power & Coal Belt (power_plant at 0.95 km)
ind_seed_0227,INDUSTRIAL_FIRE,FIRMS_OSM_INDUSTRIAL_WEAK,WEAK_LABEL,22.396,85.036,2026-09-06T05:12:00Z,,18.2,1.1,steel_works,"B02,B03,B04,B08,B11,B12",samples\ind_seed_0227.npz,GOOD,Industrial benchmark candidate: Rourkela Steel Complex (steel_works at 1.1 km)
ind_seed_0228,INDUSTRIAL_FIRE,FIRMS_OSM_INDUSTRIAL_WEAK,WEAK_LABEL,21.886,72.756,2026-09-06T05:12:00Z,,20.4,1.25,chemical_storage,"B02,B03,B04,B08,B11,B12",samples\ind_seed_0228.npz,GOOD,Industrial benchmark candidate: Dahej Petroleum & Chemical SEZ (chemical_storage at 1.25 km)
ind_seed_0229,INDUSTRIAL_FIRE,FIRMS_OSM_INDUSTRIAL_WEAK,WEAK_LABEL,20.546,73.086,2026-09-06T05:12:00Z,,22.6,1.4,manufacturing_chemical,"B02,B03,B04,B08,B11,B12",samples\ind_seed_0229.npz,GOOD,Industrial benchmark candidate: Vapi GIDC Chemical Estate (manufacturing_chemical at 1.4 km)
ind_seed_0230,INDUSTRIAL_FIRE,FIRMS_OSM_INDUSTRIAL_WEAK,WEAK_LABEL,21.016,85.276,2026-09-06T05:12:00Z,,24.8,1.55,aluminum_smelter,"B02,B03,B04,B08,B11,B12",samples\ind_seed_0230.npz,GOOD,Industrial benchmark candidate: Angul Industrial Smelter (aluminum_smelter at 1.55 km)
ind_seed_0231,INDUSTRIAL_FIRE,FIRMS_OSM_INDUSTRIAL_WEAK,WEAK_LABEL,22.564,70.014,2026-09-06T05:12:00Z,,27.0,0.2,refinery,"B02,B03,B04,B08,B11,B12",samples\ind_seed_0231.npz,GOOD,Industrial benchmark candidate: Jamnagar Refinery Complex (refinery at 0.2 km)
ind_seed_0232,INDUSTRIAL_FIRE,FIRMS_OSM_INDUSTRIAL_WEAK,WEAK_LABEL,21.364,81.564,2026-09-06T05:12:00Z,,29.2,0.35,steel_mill,"B02,B03,B04,B08,B11,B12",samples\ind_seed_0232.npz,GOOD,Industrial benchmark candidate: Bhilai Steel Plant (steel_mill at 0.35 km)
ind_seed_0233,INDUSTRIAL_FIRE,FIRMS_OSM_INDUSTRIAL_WEAK,WEAK_LABEL,21.294,72.834,2026-09-06T05:12:00Z,,31.4,0.5,chemical_petrochemical,"B02,B03,B04,B08,B11,B12",samples\ind_seed_0233.npz,ACCEPTABLE,Industrial benchmark candidate: Hazira Industrial Hub (chemical_petrochemical at 0.5 km)
ind_seed_0234,INDUSTRIAL_FIRE,FIRMS_OSM_INDUSTRIAL_WEAK,WEAK_LABEL,17.814,83.364,2026-09-06T05:12:00Z,,33.6,0.65,metallurgy_port,"B02,B03,B04,B08,B11,B12",samples\ind_seed_0234.npz,ACCEPTABLE,Industrial benchmark candidate: Visakhapatnam Steel & Industrial Zone (metallurgy_port at 0.65 km)
ind_seed_0235,INDUSTRIAL_FIRE,FIRMS_OSM_INDUSTRIAL_WEAK,WEAK_LABEL,13.344,80.444,2026-09-06T05:12:00Z,,35.8,0.8,petrochemical,"B02,B03,B04,B08,B11,B12",samples\ind_seed_0235.npz,ACCEPTABLE,Industrial benchmark candidate: Manali Petrochemical Complex Chennai (petrochemical at 0.8 km)
ind_seed_0236,INDUSTRIAL_FIRE,FIRMS_OSM_INDUSTRIAL_WEAK,WEAK_LABEL,24.384,82.854,2026-09-06T05:12:00Z,,38.0,0.95,power_plant,"B02,B03,B04,B08,B11,B12",samples\ind_seed_0236.npz,ACCEPTABLE,Industrial benchmark candidate: Singrauli Super Thermal Power & Coal Belt (power_plant at 0.95 km)
ind_seed_0237,INDUSTRIAL_FIRE,FIRMS_OSM_INDUSTRIAL_WEAK,WEAK_LABEL,22.404,85.044,2026-09-06T05:12:00Z,,40.2,1.1,steel_works,"B02,B03,B04,B08,B11,B12",samples\ind_seed_0237.npz,ACCEPTABLE,Industrial benchmark candidate: Rourkela Steel Complex (steel_works at 1.1 km)
ind_seed_0238,INDUSTRIAL_FIRE,FIRMS_OSM_INDUSTRIAL_WEAK,WEAK_LABEL,21.894,72.764,2026-09-06T05:12:00Z,,42.4,1.25,chemical_storage,"B02,B03,B04,B08,B11,B12",samples\ind_seed_0238.npz,ACCEPTABLE,Industrial benchmark candidate: Dahej Petroleum & Chemical SEZ (chemical_storage at 1.25 km)
ind_seed_0239,INDUSTRIAL_FIRE,FIRMS_OSM_INDUSTRIAL_WEAK,WEAK_LABEL,20.554,73.094,2026-09-06T05:12:00Z,,44.6,1.4,manufacturing_chemical,"B02,B03,B04,B08,B11,B12",samples\ind_seed_0239.npz,ACCEPTABLE,Industrial benchmark candidate: Vapi GIDC Chemical Estate (manufacturing_chemical at 1.4 km)
ind_seed_0240,INDUSTRIAL_FIRE,FIRMS_OSM_INDUSTRIAL_WEAK,WEAK_LABEL,21.024,85.284,2026-09-06T05:12:00Z,,46.8,1.55,aluminum_smelter,"B02,B03,B04,B08,B11,B12",samples\ind_seed_0240.npz,ACCEPTABLE,Industrial benchmark candidate: Angul Industrial Smelter (aluminum_smelter at 1.55 km)
ind_seed_0241,INDUSTRIAL_FIRE,FIRMS_OSM_INDUSTRIAL_WEAK,WEAK_LABEL,22.572,70.022,2026-09-06T05:12:00Z,,5.0,0.2,refinery,"B02,B03,B04,B08,B11,B12",samples\ind_seed_0241.npz,GOOD,Industrial benchmark candidate: Jamnagar Refinery Complex (refinery at 0.2 km)
ind_seed_0242,INDUSTRIAL_FIRE,FIRMS_OSM_INDUSTRIAL_WEAK,WEAK_LABEL,21.372,81.572,2026-09-06T05:12:00Z,,7.2,0.35,steel_mill,"B02,B03,B04,B08,B11,B12",samples\ind_seed_0242.npz,GOOD,Industrial benchmark candidate: Bhilai Steel Plant (steel_mill at 0.35 km)
ind_seed_0243,INDUSTRIAL_FIRE,FIRMS_OSM_INDUSTRIAL_WEAK,WEAK_LABEL,21.302,72.842,2026-09-06T05:12:00Z,,9.4,0.5,chemical_petrochemical,"B02,B03,B04,B08,B11,B12",samples\ind_seed_0243.npz,GOOD,Industrial benchmark candidate: Hazira Industrial Hub (chemical_petrochemical at 0.5 km)
ind_seed_0244,INDUSTRIAL_FIRE,FIRMS_OSM_INDUSTRIAL_WEAK,WEAK_LABEL,17.822,83.372,2026-09-06T05:12:00Z,,11.6,0.65,metallurgy_port,"B02,B03,B04,B08,B11,B12",samples\ind_seed_0244.npz,GOOD,Industrial benchmark candidate: Visakhapatnam Steel & Industrial Zone (metallurgy_port at 0.65 km)
ind_seed_0245,INDUSTRIAL_FIRE,FIRMS_OSM_INDUSTRIAL_WEAK,WEAK_LABEL,13.352,80.452,2026-09-06T05:12:00Z,,13.8,0.8,petrochemical,"B02,B03,B04,B08,B11,B12",samples\ind_seed_0245.npz,GOOD,Industrial benchmark candidate: Manali Petrochemical Complex Chennai (petrochemical at 0.8 km)
ind_seed_0246,INDUSTRIAL_FIRE,FIRMS_OSM_INDUSTRIAL_WEAK,WEAK_LABEL,24.392,82.862,2026-09-06T05:12:00Z,,16.0,0.95,power_plant,"B02,B03,B04,B08,B11,B12",samples\ind_seed_0246.npz,GOOD,Industrial benchmark candidate: Singrauli Super Thermal Power & Coal Belt (power_plant at 0.95 km)
ind_seed_0247,INDUSTRIAL_FIRE,FIRMS_OSM_INDUSTRIAL_WEAK,WEAK_LABEL,22.412,85.052,2026-09-06T05:12:00Z,,18.2,1.1,steel_works,"B02,B03,B04,B08,B11,B12",samples\ind_seed_0247.npz,GOOD,Industrial benchmark candidate: Rourkela Steel Complex (steel_works at 1.1 km)
ind_seed_0248,INDUSTRIAL_FIRE,FIRMS_OSM_INDUSTRIAL_WEAK,WEAK_LABEL,21.902,72.772,2026-09-06T05:12:00Z,,20.4,1.25,chemical_storage,"B02,B03,B04,B08,B11,B12",samples\ind_seed_0248.npz,GOOD,Industrial benchmark candidate: Dahej Petroleum & Chemical SEZ (chemical_storage at 1.25 km)
ind_seed_0249,INDUSTRIAL_FIRE,FIRMS_OSM_INDUSTRIAL_WEAK,WEAK_LABEL,20.562,73.102,2026-09-06T05:12:00Z,,22.6,1.4,manufacturing_chemical,"B02,B03,B04,B08,B11,B12",samples\ind_seed_0249.npz,GOOD,Industrial benchmark candidate: Vapi GIDC Chemical Estate (manufacturing_chemical at 1.4 km)
ind_seed_0250,INDUSTRIAL_FIRE,FIRMS_OSM_INDUSTRIAL_WEAK,WEAK_LABEL,21.032,85.292,2026-09-06T05:12:00Z,,24.8,1.55,aluminum_smelter,"B02,B03,B04,B08,B11,B12",samples\ind_seed_0250.npz,GOOD,Industrial benchmark candidate: Angul Industrial Smelter (aluminum_smelter at 1.55 km)
